Nest_Key,Year,Nest_ID,Eggs_Laid,Female_ID,Male_ID,J_Found_Date,Hatch_Date,J_Hatch_Date,Eggs_Hatched,Fledglings,Known_Hatch,Study_Site,Fate
87-L18.1,1987,L18.1,6,940.25036,940.25169,6,6/14/87,165,6,6,FALSE,N,F
87-L19.1,1987,L19.1,7,940.25352,940.25248,7,6/14/87,165,7,7,FALSE,N,F
87-L19.2,1987,L19.2,6,940.25206,,6,6/17/87,168,6,2,FALSE,N,F
87-L20.1,1987,L20.1,5,940.25074,1560.0305,5,6/12/87,163,5,2,FALSE,N,F
87-L27.2,1987,L27.2,6,940.254,1560.04517,6,6/17/87,168,6,6,FALSE,S,F
87-L27.3,1987,L27.3,6,940.25396,1560.04301,6,6/14/87,165,6,4,FALSE,S,F
87-L28.1,1987,L28.1,6,940.25737,970.12169,6,6/12/87,163,6,6,FALSE,S,F
87-M18.1,1987,M18.1,7,940.25742,940.2517,7,6/14/87,165,7,2,FALSE,N,F
87-M19.1,1987,M19.1,7,940.25017,940.25173,7,6/15/87,166,7,7,FALSE,N,F
87-M19.3,1987,M19.3,6,940.25018,,6,6/14/87,165,6,0,FALSE,N,AN
87-M19.4,1987,M19.4,5,940.25345,,5,6/20/87,171,5,5,FALSE,N,F
87-M20.1,1987,M20.1,6,940.25759,940.25172,6,6/15/87,166,6,6,FALSE,N,F
87-M20.2,1987,M20.2,7,940.25343,940.2571,7,6/15/87,166,7,4,FALSE,N,F
87-M20.3,1987,M20.3,7,940.25071,1560.03065,7,6/14/87,165,7,5,FALSE,N,F
87-M20.4,1987,M20.4,6,940.25387,,6,6/17/87,168,6,2,FALSE,N,F
87-M20.5,1987,M20.5,6,940.25072,940.25171,6,6/14/87,165,6,4,FALSE,N,F
87-M21.1,1987,M21.1,5,940.25344,1560.03064,5,6/14/87,165,5,5,FALSE,N,F
87-M21.2,1987,M21.2,5,940.25073,1560.04538,5,6/21/87,172,5,4,FALSE,N,F
87-M21.4,1987,M21.4,5,940.25775,1560.04537,5,6/20/87,171,5,5,FALSE,N,F
87-M21.6,1987,M21.6,4,940.25746,940.25175,4,6/15/87,166,4,4,FALSE,N,F
87-M24.1,1987,M24.1,6,940.25752,,6,6/17/87,168,6,6,FALSE,S,F
87-M25.0,1987,M25.0,6,940.25769,,6,6/16/87,167,6,2,FALSE,S,F
87-M25.1,1987,M25.1,6,940.25753,1560.04305,6,6/16/87,167,6,6,FALSE,S,F
87-M25.2,1987,M25.2,4,940.25037,1560.04536,4,6/23/87,174,4,0,FALSE,S,AN
87-M25.3,1987,M25.3,7,940.25754,940.25714,7,6/16/87,167,7,7,FALSE,S,F
87-M25.4,1987,M25.4,5,940.25673,940.25711,5,6/18/87,169,5,5,FALSE,S,F
87-M26.1,1987,M26.1,6,940.25718,940.25715,6,6/16/87,167,6,3,FALSE,S,F
87-M26.3,1987,M26.3,7,940.25735,940.25267,7,6/13/87,164,7,6,FALSE,S,F
87-M26.4,1987,M26.4,5,940.25747,1560.04302,5,6/14/87,165,5,4,FALSE,S,F
87-M26.5,1987,M26.5,4,940.25351,,4,6/12/87,163,4,4,FALSE,S,F
87-M26.6,1987,M26.6,6,940.25024,,6,6/17/87,168,6,6,FALSE,S,F
87-M26.7,1987,M26.7,5,940.25029,940.25518,5,6/18/87,169,5,4,FALSE,S,F
87-M27.1,1987,M27.1,5,940.25739,1560.04306,5,6/15/87,166,5,5,FALSE,S,F
87-M27.2,1987,M27.2,6,940.25394,940.25776,6,6/11/87,162,6,6,FALSE,S,F
87-M27.3,1987,M27.3,7,940.25392,1560.04308,7,6/16/87,167,7,5,FALSE,S,F
87-M28.1,1987,M28.1,6,940.25738,,6,6/14/87,165,6,1,FALSE,S,F
87-M28.2,1987,M28.2,5,940.25388,1560.04303,5,6/14/87,165,5,5,FALSE,S,F
87-M28.3,1987,M28.3,6,940.25362,,6,6/17/87,168,6,5,FALSE,S,F
87-M29.1,1987,M29.1,6,940.25723,,6,6/20/87,171,6,6,FALSE,S,F
87-M29.2,1987,M29.2,6,1560.04307,,6,6/16/87,167,6,6,FALSE,S,F
87-M30.2,1987,M30.2,7,940.25741,1560.03063,7,6/14/87,165,7,7,FALSE,S,F
87-M30.4,1987,M30.4,6,940.25395,940.25778,6,6/10/87,161,6,6,FALSE,S,F
87-M31.0,1987,M31.0,6,940.25773,,6,6/24/87,175,6,2,FALSE,S,F
87-M31.2,1987,M31.2,7,940.25771,,7,6/18/87,169,7,5,FALSE,S,F
87-M31.4,1987,M31.4,6,,,6,6/18/87,169,6,0,FALSE,S,AN
87-N18.1,1987,N18.1,6,940.2576,940.25174,6,6/15/87,166,6,6,FALSE,N,F
87-N19.1,1987,N19.1,7,940.25756,940.25086,7,6/16/87,167,7,7,FALSE,N,F
87-N20.1,1987,N20.1,7,910.26766,1560.04445,7,6/16/87,167,7,7,FALSE,N,F
87-N20.2,1987,N20.2,6,940.25757,940.25512,6,6/17/87,168,6,6,FALSE,N,F
87-N20.3,1987,N20.3,5,940.25767,,5,6/20/87,171,5,4,FALSE,N,F
87-N21.1,1987,N21.1,7,940.25758,,7,6/16/87,167,7,7,FALSE,N,F
87-N23.0,1987,N23.0,5,940.25766,,5,6/19/87,170,5,0,FALSE,S,AN
87-N23.1,1987,N23.1,5,940.25389,,5,6/17/87,168,5,5,FALSE,S,F
87-N23.2,1987,N23.2,6,940.25768,,6,6/18/87,169,6,2,FALSE,S,F
87-N23.3,1987,N23.3,6,940.25382,,6,6/16/87,167,6,6,FALSE,S,F
87-N24.1,1987,N24.1,4,1560.03057,1560.04541,4,6/29/87,180,4,4,FALSE,S,F
87-N26.2,1987,N26.2,7,940.25357,940.25658,7,6/13/87,164,7,7,FALSE,S,F
87-N27.1,1987,N27.1,7,940.25274,,7,6/16/87,167,7,7,FALSE,S,F
87-N27.2,1987,N27.2,7,940.25745,,7,6/14/87,165,7,6,FALSE,S,F
87-N27.3,1987,N27.3,5,940.25763,,5,6/18/87,169,5,5,FALSE,S,F
87-N28.1,1987,N28.1,8,940.25133,940.25391,8,6/17/87,168,8,7,FALSE,S,F
87-N28.2,1987,N28.2,4,940.25375,,4,6/13/87,164,4,0,FALSE,S,AN
87-N28.3,1987,N28.3,6,940.25355,940.25114,6,6/12/87,163,6,5,FALSE,S,F
87-N28.5,1987,N28.5,4,940.25374,,4,6/16/87,167,4,3,FALSE,S,F
87-N29.3,1987,N29.3,7,940.25748,940.25722,7,6/15/87,166,7,6,FALSE,S,F
87-N29.4,1987,N29.4,6,940.25401,1560.04304,6,6/14/87,165,6,6,FALSE,S,F
87-N29.5,1987,N29.5,5,940.25755,,5,6/16/87,167,5,2,FALSE,S,F
87-N30.2,1987,N30.2,6,940.25762,940.25719,6,6/16/87,167,6,5,FALSE,S,F
87-N30.4,1987,N30.4,6,940.25772,,6,6/21/87,172,6,6,FALSE,S,F
87-N31.1,1987,N31.1,7,940.25377,,7,6/14/87,165,7,7,FALSE,S,F
87-N31.2,1987,N31.2,6,940.25736,,6,6/13/87,164,6,5,FALSE,S,F
87-N31.4,1987,N31.4,6,910.26434,,6,6/16/87,167,6,5,FALSE,S,F
87-N32.1,1987,N32.1,6,940.2537,940.25707,6,6/23/87,174,6,6,FALSE,S,F
87-O23.3,1987,O23.3,5,910.26969,,5,6/16/87,167,5,5,FALSE,S,F
87-O23.4,1987,O23.4,4,940.25243,1560.03058,4,6/13/87,164,4,4,FALSE,S,F
87-O23.6,1987,O23.6,7,940.25077,940.25743,7,6/16/87,167,7,6,FALSE,S,F
87-O24.1,1987,O24.1,6,940.25777,,6,6/14/87,165,6,5,FALSE,S,F
87-O24.2,1987,O24.2,6,940.25764,,6,6/17/87,168,6,6,FALSE,S,F
87-O24.3,1987,O24.3,5,940.2575,940.25712,5,6/16/87,167,5,0,FALSE,S,AN
87-O24.4,1987,O24.4,4,,,4,6/16/87,167,4,0,FALSE,S,AN
87-O24.5,1987,O24.5,7,1560.03061,1560.04542,7,6/23/87,174,7,6,FALSE,S,F
87-O24.6,1987,O24.6,6,940.25381,,6,6/14/87,165,6,5,FALSE,S,F
87-O24.7,1987,O24.7,5,940.25765,,5,6/17/87,168,5,5,FALSE,S,F
87-O25.2,1987,O25.2,6,940.25749,910.269,6,6/14/87,165,6,6,FALSE,S,F
87-O25.4,1987,O25.4,5,940.25368,940.2573,5,6/14/87,165,5,5,FALSE,S,F
87-O25.5,1987,O25.5,6,940.2577,,6,00/00/00,0,0,0,FALSE,S,AE
87-O26.2,1987,O26.2,5,940.25361,1560.0306,5,6/14/87,165,5,5,FALSE,S,F
87-O26.3,1987,O26.3,6,940.25726,,6,6/16/87,167,6,0,FALSE,S,AN
87-O26.4,1987,O26.4,5,940.25744,940.25725,5,6/14/87,165,5,5,FALSE,S,F
87-O26.5,1987,O26.5,6,940.25348,1560.03059,6,6/13/87,164,6,5,FALSE,S,F
87-O27.1,1987,O27.1,6,940.25774,,6,6/20/87,171,6,4,FALSE,S,F
87-O27.2,1987,O27.2,6,940.25393,1560.03059,6,6/14/87,165,6,6,FALSE,S,F
87-O28.1,1987,O28.1,6,940.25349,,6,6/16/87,167,6,1,FALSE,S,F
87-O29.1,1987,O29.1,7,940.2539,,7,6/18/87,169,7,7,FALSE,S,F
87-O29.2,1987,O29.2,5,940.25733,,5,6/14/87,165,5,0,FALSE,S,AN
87-L20.2,1987,L20.2,6,940.25751,940.25713,6,00/00/00,0,0,0,FALSE,N,AE
87-N29.1,1987,N29.1,4,1560.04519,,4,00/00/00,0,0,0,FALSE,S,AE
87-N29.2,1987,N29.2,3,940.25709,1560.03062,3,00/00/00,0,0,0,FALSE,S,AE
87-N31.3,1987,N31.3,4,940.25675,,4,00/00/00,0,0,0,FALSE,S,AE
87-M30.1,1987,M30.1,1,,,1,00/00/00,0,0,0,FALSE,S,AE
87-M30.3,1987,M30.3,5,,,5,00/00/00,0,0,0,FALSE,S,AE
88-L18.1,1988,L18.1,6,940.25036,,6,6/16/88,167,5,5,FALSE,N,F
88-L19.1,1988,L19.1,5,2011.81179,,5,6/16/88,167,5,5,FALSE,N,F
88-L19.2,1988,L19.2,6,940.25206,,6,6/21/88,172,5,5,FALSE,N,F
88-L20.1,1988,L20.1,4,940.25074,,4,6/13/88,164,4,4,FALSE,N,F
88-L27.1,1988,L27.1,6,940.254,,4,6/17/88,168,4,4,FALSE,S,F
88-L27.2,1988,L27.2,6,940.25396,,8,6/17/88,168,8,0,FALSE,S,AN
88-L27.3,1988,L27.3,6,940.25375,,6,6/16/88,167,6,0,FALSE,S,AN
88-L28.1,1988,L28.1,6,940.25737,,6,6/13/88,164,6,5,FALSE,S,F
88-M18.1,1988,M18.1,6,940.25345,,6,6/14/88,165,6,6,FALSE,N,F
88-M19.1,1988,M19.1,7,940.25017,,7,6/14/88,165,6,6,FALSE,N,F
88-M19.2,1988,M19.2,5,2011.8118,2011.81449,5,6/19/88,170,4,4,FALSE,N,F
88-M19.3,1988,M19.3,3,940.25018,,3,00/00/00,0,0,0,FALSE,N,AE
88-M19.3,1988,M19.3,6,940.25018,,6,6/17/88,168,5,0,FALSE,N,AN
88-M20.1,1988,M20.1,5,940.25759,2011.81447,5,6/14/88,165,5,5,FALSE,N,F
88-M20.2,1988,M20.2,6,2011.812,2011.81676,6,6/22/88,173,5,5,FALSE,N,F
88-M20.3,1988,M20.3,7,940.25071,,7,6/15/88,166,7,6,FALSE,N,F
88-M20.4,1988,M20.4,6,2011.81189,,6,6/13/88,164,6,2,FALSE,N,F
88-M20.5,1988,M20.5,6,940.25072,2011.814,6,6/16/88,167,6,5,FALSE,N,F
88-M21.1,1988,M21.1,6,940.25767,,6,6/20/88,171,6,6,FALSE,N,F
88-M21.2,1988,M21.2,4,2011.81306,1560.04538,4,6/27/88,178,1,1,FALSE,N,F
88-M21.5,1988,M21.5,6,2011.81181,940.25279,6,6/18/88,169,5,5,FALSE,N,F
88-M21.6,1988,M21.6,6,940.25751,,6,6/10/88,161,5,3,FALSE,N,F
88-M24.1,1988,M24.1,6,2011.81182,940.25707,6,6/18/88,169,5,5,FALSE,S,F
88-M25.2,1988,M25.2,6,2011.8131,1560.04536,6,6/29/88,180,5,3,FALSE,S,F
88-M25.3,1988,M25.3,4,2011.8161,,4,7/4/88,185,2,0,FALSE,S,AN
88-M25.4,1988,M25.4,7,940.25745,,7,6/15/88,166,7,5,FALSE,S,F
88-M26.1,1988,M26.1,6,2011.81416,1560.04032,6,6/23/88,174,5,4,FALSE,S,F
88-M26.3,1988,M26.3,8,940.25735,,9,6/14/88,165,8,8,FALSE,S,F
88-M26.4,1988,M26.4,6,940.25747,,6,6/16/88,167,6,6,FALSE,S,F
88-M26.5,1988,M26.5,6,940.25351,,4,6/14/88,165,4,4,FALSE,S,F
88-M26.6,1988,M26.6,7,940.25657,,5,6/14/88,165,5,5,FALSE,S,F
88-M26.7,1988,M26.7,7,940.25753,,7,6/16/88,167,7,7,FALSE,S,F
88-M27.1,1988,M27.1,6,940.25718,1560.04506,4,6/21/88,172,3,3,FALSE,S,F
88-M27.2,1988,M27.2,6,940.25774,,6,6/21/88,172,6,6,FALSE,S,F
88-M27.3,1988,M27.3,5,2011.81415,1560.04021,5,6/21/88,172,5,5,FALSE,S,F
88-M28.1,1988,M28.1,4,2011.81847,,4,7/18/88,199,1,1,FALSE,S,F
88-M28.2,1988,M28.2,6,2011.81195,1560.0308,8,6/22/88,173,7,7,FALSE,S,F
88-M28.3,1988,M28.3,5,940.25362,,3,00/00/00,0,0,0,FALSE,S,AE
88-M29.1,1988,M29.1,5,2011.81414,,5,6/29/88,180,5,5,FALSE,S,F
88-M29.2,1988,M29.2,6,1560.04508,940.25721,6,6/23/88,174,6,6,FALSE,S,F
88-M30.1,1988,M30.1,5,2011.81301,,5,6/21/88,172,5,2,FALSE,S,F
88-M30.2,1988,M30.2,6,2011.81401,,6,7/4/88,185,6,6,FALSE,S,F
88-M30.2,1988,M30.2,6,940.25741,,6,00/00/00,0,0,0,FALSE,S,AE
88-M30.4,1988,M30.4,6,940.25395,,6,6/11/88,162,6,6,FALSE,S,F
88-M31.2,1988,M31.2,6,940.25764,,8,6/20/88,171,8,0,FALSE,S,AN
88-N18.1,1988,N18.1,6,940.2576,,6,6/15/88,166,3,3,FALSE,N,F
88-N19.1,1988,N19.1,6,2011.81202,,6,6/18/88,169,6,6,FALSE,N,F
88-N20.1,1988,N20.1,6,910.26766,,6,6/17/88,168,6,4,FALSE,N,F
88-N20.2,1988,N20.2,6,2011.81192,,6,6/19/88,170,6,6,FALSE,N,F
88-N20.3,1988,N20.3,4,1560.04278,2011.81867,4,7/2/88,183,3,3,FALSE,N,F
88-N21.1,1988,N21.1,6,2011.81192,,6,00/00/00,0,0,0,FALSE,N,AE
88-N23.1,1988,N23.1,5,2011.81158,940.25076,5,6/27/88,178,5,5,FALSE,S,F
88-N23.2,1988,N23.2,5,2011.81193,,3,6/21/88,172,3,3,FALSE,S,F
88-N23.3,1988,N23.3,6,940.25401,,6,6/16/88,167,6,2,FALSE,S,F
88-N24.1,1988,N24.1,5,2011.81194,1560.04541,7,6/21/88,172,7,7,FALSE,S,F
88-N26.2,1988,N26.2,6,1560.04274,1560.04107,6,6/22/88,173,6,5,FALSE,S,F
88-N27.1,1988,N27.1,5,940.25739,,5,6/15/88,166,3,3,FALSE,S,F
88-N27.2,1988,N27.2,5,2011.81183,,5,6/13/88,164,5,5,FALSE,S,F
88-N27.3,1988,N27.3,7,940.25374,2011.81743,7,6/19/88,170,7,7,FALSE,S,F
88-N28.1,1988,N28.1,6,940.25133,,4,6/13/88,164,4,4,FALSE,S,F
88-N28.2,1988,N28.2,6,940.25736,,8,6/14/88,165,8,6,FALSE,S,F
88-N28.3,1988,N28.3,5,940.2542,,5,6/16/88,167,5,5,FALSE,S,F
88-N29.1,1988,N29.1,6,940.25393,,6,6/18/88,169,5,0,FALSE,S,AN
88-N29.3,1988,N29.3,4,940.25733,,4,7/19/88,200,3,0,FALSE,S,AN
88-N29.3,1988,N29.3,6,940.25733,,8,00/00/00,0,0,0,FALSE,S,AE
88-N29.4,1988,N29.4,6,2011.81305,1560.03089,4,6/21/88,172,3,3,FALSE,S,F
88-N29.5,1988,N29.5,6,2011.81304,,4,6/15/88,166,4,4,FALSE,S,F
88-N30.2,1988,N30.2,5,2011.81191,2011.81699,7,6/21/88,172,7,7,FALSE,S,F
88-N30.4,1988,N30.4,6,940.25772,,8,6/20/88,171,2,2,FALSE,S,F
88-N31.1,1988,N31.1,5,2011.81302,,5,6/24/88,175,2,2,FALSE,S,F
88-N31.2,1988,N31.2,5,2011.81196,2011.81448,3,6/21/88,172,3,3,FALSE,S,F
88-N31.4,1988,N31.4,5,2011.81311,,5,00/00/00,0,0,0,FALSE,S,AE
88-N31.5,1988,N31.5,3,2011.81303,,3,6/23/88,174,1,1,FALSE,S,F
88-N31.6,1988,N31.6,6,940.25358,,6,6/15/88,166,6,6,FALSE,S,F
88-O23.3,1988,O23.3,3,910.26969,,3,00/00/00,0,0,0,FALSE,S,AE
88-O23.3,1988,O23.3,4,1560.04507,,4,7/1/88,182,3,2,FALSE,S,F
88-O23.4,1988,O23.4,6,1560.04004,1560.03058,6,6/21/88,172,5,4,FALSE,S,F
88-O23.5,1988,O23.5,5,940.2568,,5,6/19/88,170,4,4,FALSE,S,F
88-O24.1,1988,O24.1,6,940.25382,,6,6/13/88,164,6,6,FALSE,S,F
88-O24.3,1988,O24.3,5,940.25732,,5,6/12/88,163,4,4,FALSE,S,F
88-O24.4,1988,O24.4,5,940.25381,,5,6/15/88,166,5,4,FALSE,S,F
88-O24.5,1988,O24.5,5,940.25243,,5,6/15/88,166,5,5,FALSE,S,F
88-O24.7,1988,O24.7,4,1560.04077,,4,00/00/00,0,0,0,FALSE,S,AE
88-O24.7,1988,O24.7,5,1560.04077,,3,00/00/00,0,0,0,FALSE,S,AE
88-O25.2,1988,O25.2,6,940.2577,,6,6/19/88,170,4,4,FALSE,S,F
88-O25.3,1988,O25.3,5,,970.269,5,7/14/88,195,5,5,FALSE,S,F
88-O25.4,1988,O25.4,6,940.25368,,8,6/14/88,165,8,8,FALSE,S,F
88-O25.5,1988,O25.5,5,2011.81163,,7,6/23/88,174,6,5,FALSE,S,F
88-O26.1,1988,O26.1,6,940.2539,,4,6/21/88,172,4,4,FALSE,S,F
88-O26.3,1988,O26.3,4,2011.81156,940.25725,4,6/23/88,174,4,3,FALSE,S,F
88-O26.4,1988,O26.4,6,940.25742,,4,6/17/88,168,4,4,FALSE,S,F
88-O27.2,1988,O27.2,5,2011.81312,1560.03059,5,6/27/88,178,5,5,FALSE,S,F
88-O28.1,1988,O28.1,6,940.25763,,4,6/19/88,170,4,3,FALSE,S,F
88-O29.1,1988,O29.1,6,940.25349,,8,6/15/88,166,7,6,FALSE,S,F
88-O29.2,1988,O29.2,5,2011.81197,2011.8184,5,6/19/88,170,5,5,FALSE,S,F
88-O24.6,1988,O24.6,6,2011.81167,,8,00/00/00,0,0,0,FALSE,S,AE
88-M25.3,1988,M25.3,1,,,1,00/00/00,0,0,0,FALSE,S,AE
89-L18.1,1989,L18.1,6,2021.76336,2021.76324,6,6/24/89,175,6,5,FALSE,N,F
89-L19.2,1989,L19.2,6,2021.76326,,6,6/20/89,171,6,6,FALSE,N,F
89-L20.1,1989,L20.1,6,940.25074,2021.76346,6,6/14/89,165,5,5,FALSE,N,F
89-L27.2,1989,L27.2,6,940.25737,2021.76337,6,6/13/89,164,6,6,FALSE,S,F
89-L28.1,1989,L28.1,6,2011.81195,2021.76222,8,6/17/89,168,8,7,FALSE,S,F
89-M18.1,1989,M18.1,6,940.25345,2021.76347,6,6/15/89,166,6,6,FALSE,N,F
89-M19.1,1989,M19.1,6,940.25759,1560.04173,6,6/15/89,166,5,5,FALSE,N,F
89-M19.2,1989,M19.2,6,2011.8118,,6,6/17/89,168,5,5,FALSE,N,F
89-M19.3,1989,M19.3,6,2011.81202,2021.76352,6,6/17/89,168,6,5,FALSE,N,F
89-M20.1,1989,M20.1,6,2021.7622,2021.76228,6,6/18/89,169,6,5,FALSE,N,F
89-M20.2,1989,M20.2,6,2011.812,,6,6/16/89,167,4,4,FALSE,N,F
89-M20.3,1989,M20.3,7,940.25071,1560.03065,7,6/16/89,167,7,6,FALSE,N,F
89-M20.4,1989,M20.4,6,2021.7634,2021.76323,6,6/24/89,175,6,6,FALSE,N,F
89-M20.5,1989,M20.5,6,940.25751,1560.04512,6,6/11/89,162,6,4,FALSE,N,F
89-M21.1,1989,M21.1,5,2021.76318,2011.81106,5,6/16/89,167,5,5,FALSE,N,F
89-M21.5,1989,M21.5,6,2021.76227,2021.76356,6,6/20/89,171,6,6,FALSE,N,F
89-M21.6,1989,M21.6,6,2021.76316,,6,00/00/00,0,0,0,FALSE,N,AE
89-M24.1,1989,M24.1,7,2011.81182,1560.04541,7,6/15/89,166,7,7,FALSE,S,F
89-M25.1,1989,M25.1,6,940.25769,,8,6/16/89,167,8,7,FALSE,S,F
89-M25.2,1989,M25.2,5,940.25718,,3,00/00/00,0,0,0,FALSE,S,AE
89-M25.3,1989,M25.3,6,2021.76335,,6,6/21/89,172,6,2,FALSE,S,F
89-M25.4,1989,M25.4,5,1560.0415,970.12548,5,6/13/89,164,5,5,FALSE,S,F
89-M26.1,1989,M26.1,4,2021.76342,,4,7/1/89,182,4,0,FALSE,S,AN
89-M26.3,1989,M26.3,7,2021.76329,940.2517,7,6/20/89,171,7,7,FALSE,S,F
89-M26.4,1989,M26.4,6,2021.76334,1560.04302,6,6/19/89,170,6,6,FALSE,S,F
89-M26.5,1989,M26.5,5,940.25375,2011.81256,5,6/13/89,164,5,5,FALSE,S,F
89-M26.6,1989,M26.6,5,2021.76333,2021.76353,5,6/19/89,170,5,5,FALSE,S,F
89-M27.2,1989,M27.2,6,940.25747,2011.81161,6,6/14/89,165,6,6,FALSE,S,F
89-M27.3,1989,M27.3,5,2011.81416,,5,00/00/00,0,0,0,FALSE,S,AE
89-M28.1,1989,M28.1,6,940.25133,940.25649,4,6/18/89,169,3,3,FALSE,S,F
89-M28.2,1989,M28.2,6,1560.04274,2021.76339,6,6/10/89,161,6,6,FALSE,S,F
89-M28.3,1989,M28.3,3,2011.81415,1560.03309,3,6/29/89,180,3,3,FALSE,S,F
89-M29.1,1989,M29.1,6,2021.76313,2021.76349,6,6/16/89,167,6,6,FALSE,S,F
89-M29.2,1989,M29.2,6,940.25395,2011.8177,6,6/10/89,161,6,5,FALSE,S,F
89-M30.1,1989,M30.1,3,2021.76338,,3,6/23/89,174,3,3,FALSE,S,F
89-M30.2,1989,M30.2,5,1560.04508,,5,00/00/00,0,0,0,FALSE,S,AE
89-M30.3,1989,M30.3,6,2021.76327,2011.81555,6,6/15/89,166,6,6,FALSE,S,F
89-M30.4,1989,M30.4,6,2021.76312,,6,6/15/89,166,4,0,FALSE,S,AN
89-M31.2,1989,M31.2,6,2011.8161,1560.0308,4,6/15/89,166,4,4,FALSE,S,F
89-M31.4,1989,M31.4,6,2021.76311,940.25279,6,6/15/89,166,6,6,FALSE,S,F
89-M32.1,1989,M32.1,5,1560.04508,,5,7/14/89,195,5,0,FALSE,S,AN
89-N18.1,1989,N18.1,9,940.2576,,9,00/00/00,0,0,0,FALSE,N,AE
89-N19.1,1989,N19.1,7,940.25767,2011.81206,7,6/20/89,171,7,7,FALSE,N,F
89-N20.1,1989,N20.1,6,910.26766,2011.81176,6,6/16/89,167,6,4,FALSE,N,F
89-N20.2,1989,N20.2,5,1560.0331,,5,7/10/89,191,3,2,FALSE,N,F
89-N20.3,1989,N20.3,5,2021.76316,,5,00/00/00,0,0,0,FALSE,N,AE
89-N23.1,1989,N23.1,6,2021.76321,940.25076,6,6/15/89,166,5,5,FALSE,S,F
89-N23.2,1989,N23.2,6,2011.81193,2021.76348,4,6/16/89,167,4,4,FALSE,S,F
89-N23.3,1989,N23.3,7,2021.76317,940.25704,7,6/16/89,167,6,6,FALSE,S,F
89-N24.1,1989,N24.1,5,2021.76341,,3,7/3/89,184,3,0,FALSE,S,AN
89-N24.1,1989,N24.1,6,2021.76328,,6,00/00/00,0,0,0,FALSE,S,AE
89-N26.2,1989,N26.2,5,2011.8144,,5,6/19/89,170,2,0,FALSE,S,AN
89-N27.1,1989,N27.1,5,2021.76308,2011.81831,5,6/14/89,165,5,5,FALSE,S,F
89-N27.3,1989,N27.3,5,2021.7633,2011.81743,7,6/18/89,169,5,5,FALSE,S,F
89-N28.1,1989,N28.1,6,2021.76322,2021.76351,6,6/17/89,168,6,6,FALSE,S,F
89-N28.2,1989,N28.2,6,2011.81491,2021.7635,6,6/16/89,167,6,6,FALSE,S,F
89-N28.3,1989,N28.3,4,2011.81415,,4,00/00/00,0,0,0,FALSE,S,AE
89-N29.1,1989,N29.1,6,2011.8156,,6,00/00/00,0,0,0,FALSE,S,AE
89-N29.1,1989,N29.1,6,940.25349,1560.03312,8,7/4/89,185,8,6,FALSE,S,F
89-N29.3,1989,N29.3,6,940.25733,2021.76345,6,6/15/89,166,5,5,FALSE,S,F
89-N29.4,1989,N29.4,6,2011.81304,2021.76355,4,7/4/89,185,4,4,FALSE,S,F
89-N30.2,1989,N30.2,5,2021.76309,2011.81699,5,6/14/89,165,4,1,FALSE,S,F
89-N30.4,1989,N30.4,5,1560.03303,,5,00/00/00,0,0,0,FALSE,S,AE
89-N31.1,1989,N31.1,6,2011.81191,2021.76343,8,6/15/89,166,8,8,FALSE,S,F
89-N31.2,1989,N31.2,7,2021.76301,2011.81448,7,6/17/89,168,7,7,FALSE,S,F
89-N31.3,1989,N31.3,7,2021.7632,2021.76344,7,6/13/89,164,6,6,FALSE,S,F
89-N32.1,1989,N32.1,6,2021.76332,,6,6/23/89,174,6,5,FALSE,S,F
89-O23.4,1989,O23.4,8,2021.76305,,8,7/6/89,187,3,0,FALSE,S,AN
89-O23.5,1989,O23.5,6,2021.76325,2011.81869,6,6/17/89,168,6,6,FALSE,S,F
89-O23.6,1989,O23.6,5,2011.81243,,5,7/7/89,188,3,3,FALSE,S,F
89-O24.1,1989,O24.1,6,940.25382,910.26792,6,6/13/89,164,6,6,FALSE,S,F
89-O24.3,1989,O24.3,5,940.25732,2021.76304,5,6/11/89,162,4,3,FALSE,S,F
89-O24.4,1989,O24.4,5,2021.76331,,5,00/00/00,0,0,0,FALSE,S,AE
89-O24.5,1989,O24.5,6,2011.81243,,6,00/00/00,0,0,0,FALSE,S,AE
89-O24.6,1989,O24.6,6,940.25718,,4,00/00/00,0,0,0,FALSE,S,AE
89-O24.7,1989,O24.7,6,2021.76303,,8,6/14/89,165,8,0,FALSE,S,AN
89-O25.1,1989,O25.1,6,2021.76307,2021.76204,6,6/14/89,165,6,6,FALSE,S,F
89-O25.2,1989,O25.2,7,940.2577,970.269,7,6/15/89,166,7,7,FALSE,S,F
89-O25.4,1989,O25.4,6,940.25368,2011.8121,8,6/13/89,164,7,7,FALSE,S,F
89-O25.5,1989,O25.5,5,2021.76314,1560.03306,5,6/28/89,179,5,3,FALSE,S,F
89-O26.1,1989,O26.1,6,2011.81312,1560.03059,6,00/00/00,0,0,0,FALSE,S,AE
89-O26.2,1989,O26.2,5,2011.81312,940.2566,5,6/27/89,178,5,5,FALSE,S,F
89-O26.3,1989,O26.3,5,2021.76225,2021.76357,5,6/20/89,171,5,4,FALSE,S,F
89-O26.5,1989,O26.5,6,940.25742,2021.76354,4,6/13/89,164,4,4,FALSE,S,F
89-O26.6,1989,O26.6,5,940.25396,,7,00/00/00,0,0,0,FALSE,S,AE
89-O27.1,1989,O27.1,6,2021.76302,2021.76226,6,6/18/89,169,6,5,FALSE,S,F
89-O27.2,1989,O27.2,6,2021.76319,1560.03059,6,6/16/89,167,6,6,FALSE,S,F
89-O27.3,1989,O27.3,5,2021.76315,940.25666,5,6/17/89,168,5,5,FALSE,S,F
89-O29.1,1989,O29.1,7,2021.76306,2011.8184,7,6/14/89,165,7,5,FALSE,S,F
89-O29.2,1989,O29.2,5,940.25351,2021.7631,3,6/14/89,165,1,1,FALSE,S,F
90-L18.1,1990,L18.1,6,2020.39738,2021.76324,10,6/23/90,174,7,7,FALSE,N,F
90-L19.1,1990,L19.1,6,940.2576,2021.76228,4,6/16/90,167,3,3,FALSE,N,F
90-L19.2,1990,L19.2,6,2021.76326,2020.39795,11,6/25/90,176,6,6,FALSE,N,F
90-L20.1,1990,L20.1,7,2020.39779,2021.76346,7,7/3/90,184,5,0,FALSE,N,AN
90-L20.2,1990,L20.2,6,2011.812,2011.81803,6,6/24/90,175,6,6,FALSE,N,F
90-L27.1,1990,L27.1,5,2011.81416,,5,7/11/90,192,3,0,FALSE,S,AN
90-L27.3,1990,L27.3,5,2020.39744,2021.76222,5,6/21/90,172,4,4,FALSE,S,F
90-M18.1,1990,M18.1,4,940.25345,2020.39731,4,7/7/90,188,4,4,FALSE,N,F
90-M19.4,1990,M19.4,5,2020.39776,2031.56208,5,7/1/90,182,4,4,FALSE,N,F
90-M20.3,1990,M20.3,6,2021.7622,1560.03065,6,6/22/90,173,6,6,FALSE,N,F
90-M20.4,1990,M20.4,6,2021.76336,,6,7/9/90,190,3,0,FALSE,N,AN
90-M20.5,1990,M20.5,6,940.25751,1560.04512,6,7/8/90,189,6,4,FALSE,N,F
90-M21.5,1990,M21.5,7,2021.76311,2021.76356,7,7/1/90,182,5,5,FALSE,N,F
90-M21.6,1990,M21.6,5,1560.0415,2031.56463,5,7/9/90,190,4,4,FALSE,N,F
90-M24.1,1990,M24.1,6,2021.76236,2020.39752,6,6/29/90,180,5,4,FALSE,S,F
90-M25.2,1990,M25.2,5,2021.76329,2021.76238,5,7/5/90,186,4,4,FALSE,S,F
90-M25.4,1990,M25.4,5,940.25368,2020.39748,7,6/19/90,170,7,7,FALSE,S,F
90-M26.1,1990,M26.1,5,2021.76225,2021.7626,5,7/16/90,197,3,0,FALSE,S,AN
90-M26.3,1990,M26.3,5,2020.39766,2031.56207,5,7/3/90,184,5,5,FALSE,S,F
90-M27.1,1990,M27.1,5,940.25737,2021.76337,5,7/8/90,189,4,0,FALSE,S,AN
90-M27.2,1990,M27.2,6,2020.39737,2031.56201,11,6/25/90,176,7,0,FALSE,S,AN
90-M27.3,1990,M27.3,5,940.25747,2011.81261,5,7/1/90,182,4,4,FALSE,S,F
90-M28.2,1990,M28.2,5,940.25074,2011.81621,5,6/30/90,181,4,4,FALSE,S,F
90-M29.2,1990,M29.2,4,2020.39762,,4,7/9/90,190,2,0,FALSE,S,AN
90-M30.1,1990,M30.1,5,2020.39753,2011.81459,9,6/20/90,171,7,6,FALSE,S,F
90-M30.2,1990,M30.2,5,2020.39757,2031.56206,5,6/24/90,175,4,4,FALSE,S,F
90-M30.3,1990,M30.3,6,2020.39758,2011.81555,6,6/21/90,172,6,6,FALSE,S,F
90-M31.1,1990,M31.1,5,1560.04508,2020.39763,5,7/14/90,195,5,0,FALSE,S,AN
90-M31.2,1990,M31.2,6,2021.7632,2020.39775,10,6/20/90,171,3,0,FALSE,S,AN
90-M31.4,1990,M31.4,4,2020.39773,1560.0321,4,6/25/90,176,4,4,FALSE,S,F
90-N18.1,1990,N18.1,4,2020.39771,2020.39741,4,7/6/90,187,4,4,FALSE,N,F
90-N19.1,1990,N19.1,5,2011.81202,2011.81206,5,7/10/90,191,5,4,FALSE,N,F
90-N20.1,1990,N20.1,6,2020.3973,2020.398,9,6/28/90,179,6,4,FALSE,N,F
90-N20.2,1990,N20.2,5,2020.39767,2020.39782,5,7/12/90,193,5,4,FALSE,N,F
90-N23.1,1990,N23.1,6,2021.76321,940.25076,2,6/20/90,171,2,2,FALSE,S,F
90-N23.2,1990,N23.2,6,2011.81193,2031.56203,6,6/29/90,180,4,4,FALSE,S,F
90-N23.3,1990,N23.3,5,940.25382,2020.3978,5,7/8/90,189,5,4,FALSE,S,F
90-N25.1,1990,N25.1,4,2021.76691,,4,7/9/90,190,4,2,FALSE,S,F
90-N26.2,1990,N26.2,6,2021.76244,2020.39791,6,6/20/90,171,6,4,FALSE,S,F
90-N27.2,1990,N27.2,7,2020.3975,2021.76351,12,6/20/90,171,6,6,FALSE,S,F
90-N27.3,1990,N27.3,5,2021.7633,,7,6/17/90,168,7,1,FALSE,S,F
90-N28.2,1990,N28.2,5,940.25375,2021.7635,5,7/8/90,189,5,5,FALSE,S,F
90-N29.2,1990,N29.2,4,2011.81243,2021.76256,4,7/8/90,189,3,3,FALSE,S,F
90-N29.3,1990,N29.3,5,2011.81195,2021.76207,7,6/25/90,176,6,4,FALSE,S,F
90-N29.5,1990,N29.5,6,2011.81304,,4,6/22/90,173,3,1,FALSE,S,F
90-N30.1,1990,N30.1,6,940.25349,,8,6/20/90,171,4,0,FALSE,S,AN
90-N30.2,1990,N30.2,6,2021.76327,2021.76605,9,6/21/90,172,6,6,FALSE,S,F
90-N31.1,1990,N31.1,3,2020.39746,,3,7/2/90,183,3,0,FALSE,S,AN
90-N31.2,1990,N31.2,6,2021.76301,2020.39732,10,6/19/90,170,7,5,FALSE,S,F
90-N31.6,1990,N31.6,4,2020.3976,2031.5621,4,7/1/90,182,4,4,FALSE,S,F
90-O23.6,1990,O23.6,5,2020.39759,2021.7625,9,6/21/90,172,7,6,FALSE,S,F
90-O24.3,1990,O24.3,5,2020.39768,2021.76206,5,7/13/90,194,5,4,FALSE,S,F
90-O24.4,1990,O24.4,6,2021.76319,910.269,12,6/27/90,178,7,2,FALSE,S,F
90-O25.1,1990,O25.1,5,2021.76312,2021.76239,5,6/28/90,179,5,4,FALSE,S,F
90-O26.2,1990,O26.2,6,2020.39756,,10,6/17/90,168,10,7,FALSE,S,F
90-O27.2,1990,O27.2,6,2020.39735,1560.03059,12,6/22/90,173,5,3,FALSE,S,F
90-O28.2,1990,O28.2,4,1560.03446,2020.39798,4,6/27/90,178,4,4,FALSE,S,F
90-O29.1,1990,O29.1,6,2021.76309,2011.8184,6,6/15/90,166,6,6,FALSE,S,F
90-M20.4,1990,M20.4,5,2021.76336,,0,00/00/00,0,0,0,FALSE,N,X
90-M20.5,1990,M20.5,6,940.25751,,0,00/00/00,0,0,0,FALSE,N,X
90-M21.1,1990,M21.1,7,2020.39755,,12,00/00/00,0,0,0,FALSE,N,AE
90-M21.2,1990,M21.2,6,1560.0331,,9,00/00/00,0,0,0,FALSE,N,AE
90-M25.3,1990,M25.3,4,2021.76329,,4,00/00/00,0,0,0,FALSE,S,AE
90-M26.2,1990,M26.2,6,2021.76225,,6,00/00/00,0,0,0,FALSE,S,AE
90-M26.5,1990,M26.5,6,2020.39742,2011.81256,11,00/00/00,0,0,0,FALSE,S,AE
90-M26.6,1990,M26.6,5,2011.81493,,0,00/00/00,0,0,0,FALSE,S,X
90-M26.7,1990,M26.7,5,2020.3977,,0,00/00/00,0,0,0,FALSE,S,X
90-M27.1,1990,M27.1,6,940.25737,,0,00/00/00,0,0,0,FALSE,S,X
90-M29.1,1990,M29.1,7,1560.03093,,0,00/00/00,0,0,0,FALSE,S,X
90-M29.2,1990,M29.2,5,2020.39762,2020.39761,0,00/00/00,0,0,0,FALSE,S,X
90-M30.4,1990,M30.4,5,2011.81243,,0,00/00/00,0,0,0,FALSE,S,X
90-N20.3,1990,N20.3,5,2020.39767,,0,00/00/00,0,0,0,FALSE,N,X
90-N24.1,1990,N24.1,6,2020.39768,,6,00/00/00,0,0,0,FALSE,S,AE
90-N25.1,1990,N25.1,5,2020.39772,,0,00/00/00,0,0,0,FALSE,S,X
90-N27.1,1990,N27.1,5,2020.39749,,11,00/00/00,0,0,0,FALSE,S,AE
90-N28.1,1990,N28.1,5,940.25375,,0,00/00/00,0,0,0,FALSE,S,X
90-N29.1,1990,N29.1,4,2020.39774,,4,00/00/00,0,0,0,FALSE,S,AE
90-N30.4,1990,N30.4,6,2021.76735,,0,00/00/00,0,0,0,FALSE,S,X
90-N31.3,1990,N31.3,5,2020.39747,,5,00/00/00,0,0,0,FALSE,S,AE
90-N31.4,1990,N31.4,6,1560.04508,,0,00/00/00,0,0,0,FALSE,S,X
90-O23.1,1990,O23.1,4,2020.39745,,4,00/00/00,0,0,0,FALSE,S,AE
90-O23.4,1990,O23.4,4,2020.39769,,4,00/00/00,0,0,0,FALSE,S,AE
90-O23.5,1990,O23.5,5,2021.76655,2020.39777,5,00/00/00,0,0,0,FALSE,S,AE
90-O24.1,1990,O24.1,6,940.25382,,0,00/00/00,0,0,0,FALSE,S,X
90-O24.6,1990,O24.6,5,2021.76691,,0,00/00/00,0,0,0,FALSE,S,X
90-O25.4,1990,O25.4,4,2020.39781,,4,00/00/00,0,0,0,FALSE,S,AE
90-O26.4,1990,O26.4,5,2011.8164,,0,00/00/00,0,0,0,FALSE,S,X
90-N32.1,1990,N32.1,3,,,3,00/00/00,0,0,0,FALSE,S,AE
90-L27.1,1990,L27.1,5,2020.39764,,0,00/00/00,0,0,0,FALSE,S,X
90-L27.2,1990,L27.2,6,1560.03262,,0,00/00/00,0,0,0,FALSE,S,X
90-M19.3,1990,M19.3,6,2011.81202,,0,00/00/00,0,0,0,FALSE,N,X
90-M20.1,1990,M20.1,5,2011.81416,,0,00/00/00,0,0,0,FALSE,N,X
91-L18.1,1991,L18.1,6,940.2576,2021.76324,0,6/10/91,161,4,4,FALSE,N,F
91-L19.1,1991,L19.1,6,2021.7622,2031.56644,0,6/15/91,166,4,4,FALSE,N,F
91-L19.2,1991,L19.2,5,2031.56623,,0,6/11/91,162,5,0,FALSE,N,AN
91-L20.1,1991,L20.1,6,2011.812,2031.56647,0,6/12/91,163,6,6,FALSE,N,F
91-L20.2,1991,L20.2,6,2021.76326,2031.56202,0,6/14/91,165,5,5,FALSE,N,F
91-L27.2,1991,L27.2,7,2020.39759,2021.76251,0,6/15/91,166,6,6,FALSE,S,F
91-L27.3,1991,L27.3,6,2020.39744,2021.76222,0,6/10/91,161,6,6,FALSE,S,F
91-M18.1,1991,M18.1,6,2021.76271,2020.39741,0,6/19/91,170,6,6,FALSE,N,F
91-M19.3,1991,M19.3,6,2031.56626,2031.56633,0,6/12/91,163,6,6,FALSE,N,F
91-M19.4,1991,M19.4,5,2021.76274,,0,00/00/00,0,0,0,FALSE,N,AE
91-M20.1,1991,M20.1,6,2021.76275,2021.76276,0,6/12/91,163,6,6,FALSE,N,F
91-M20.3,1991,M20.3,4,2020.39773,1560.03065,0,6/13/91,164,2,2,FALSE,N,F
91-M20.4,1991,M20.4,6,2020.3973,1560.0321,0,6/13/91,164,6,6,FALSE,N,F
91-M20.5,1991,M20.5,6,940.25751,,0,6/9/91,160,5,4,FALSE,N,F
91-M21.1,1991,M21.1,5,2031.56376,2020.39782,0,6/16/91,167,5,5,FALSE,N,F
91-M21.5,1991,M21.5,5,2031.56632,2011.81106,0,6/16/91,167,5,5,FALSE,N,F
91-M25.3,1991,M25.3,6,2031.5663,2021.76279,0,6/13/91,164,6,6,FALSE,S,F
91-M25.4,1991,M25.4,5,2020.39758,2020.39748,0,6/13/91,164,5,5,FALSE,S,F
91-M26.3,1991,M26.3,6,2020.3975,,0,00/00/00,0,0,0,FALSE,S,AE
91-M26.5,1991,M26.5,6,,2021.76278,0,6/30/91,181,6,0,FALSE,S,AN
91-M26.6,1991,M26.6,6,2031.56621,2031.56635,0,6/12/91,163,6,6,FALSE,S,F
91-M26.7,1991,M26.7,5,2021.76264,2031.56641,0,6/12/91,163,5,5,FALSE,S,F
91-M27.2,1991,M27.2,6,2021.76244,2031.56638,0,6/13/91,164,2,2,FALSE,S,F
91-M27.3,1991,M27.3,6,2020.39789,,0,6/12/91,163,6,0,FALSE,S,AN
91-M28.2,1991,M28.2,5,2020.39757,2031.56642,0,6/11/91,162,5,5,FALSE,S,F
91-M29.1,1991,M29.1,5,2021.76312,2031.56455,0,6/16/91,167,5,5,FALSE,S,F
91-M29.2,1991,M29.2,6,2021.76309,,0,00/00/00,0,0,0,FALSE,S,AE
91-M30.1,1991,M30.1,4,2031.56636,2031.56643,0,6/25/91,176,3,0,FALSE,S,AN
91-M30.2,1991,M30.2,4,2031.56649,2031.5665,0,6/17/91,168,3,3,FALSE,S,F
91-M30.4,1991,M30.4,6,2031.5662,,0,00/00/00,0,0,0,FALSE,S,AE
91-N20.2,1991,N20.2,5,2031.56637,,0,6/24/91,175,5,5,FALSE,N,F
91-N23.1,1991,N23.1,6,940.25382,940.25076,0,6/9/91,160,6,6,FALSE,S,F
91-N23.2,1991,N23.2,5,2020.39768,,0,00/00/00,0,0,0,FALSE,S,AE
91-N23.3,1991,N23.3,6,2031.5664,,8,6/19/91,170,8,8,FALSE,S,F
91-N24.1,1991,N24.1,6,2031.56625,,0,00/00/00,0,0,0,FALSE,S,AE
91-N26.1,1991,N26.1,5,2031.56628,,0,6/16/91,167,4,0,FALSE,S,AN
91-N27.2,1991,N27.2,6,2021.7607,2021.76207,0,6/12/91,163,5,5,FALSE,S,F
91-N27.3,1991,N27.3,5,2021.7633,2021.76354,0,6/11/91,162,4,4,FALSE,S,F
91-N28.1,1991,N28.1,6,2031.56624,,0,00/00/00,0,0,0,FALSE,S,AE
91-N28.2,1991,N28.2,5,2031.56629,,0,6/16/91,167,4,4,FALSE,S,F
91-N28.3,1991,N28.3,6,1560.03203,,0,6/19/91,170,6,5,FALSE,S,F
91-N28.4,1991,N28.4,6,2031.56634,,0,6/11/91,162,6,0,FALSE,S,AN
91-N29.2,1991,N29.2,5,2011.81416,,0,6/18/91,169,5,5,FALSE,S,F
91-N29.3,1991,N29.3,6,2020.39762,2021.76605,0,6/17/91,168,6,6,FALSE,S,F
91-N29.4,1991,N29.4,6,2020.3976,2031.56645,0,6/15/91,166,5,5,FALSE,S,F
91-N31.1,1991,N31.1,6,2021.76301,,0,6/13/91,164,3,3,FALSE,S,F
91-N31.6,1991,N31.6,6,2031.56631,2031.5621,0,6/14/91,165,4,4,FALSE,S,F
91-O23.4,1991,O23.4,6,2011.81193,2021.76239,4,6/17/91,168,4,4,FALSE,S,F
91-O23.5,1991,O23.5,5,1560.0415,,0,6/11/91,162,4,4,FALSE,S,F
91-O24.5,1991,O24.5,5,2031.56659,2031.56658,0,6/17/91,168,5,5,FALSE,S,F
91-O25.2,1991,O25.2,6,2031.56627,2021.76237,0,6/16/91,167,6,6,FALSE,S,F
91-O25.4,1991,O25.4,5,2031.56622,,0,6/14/91,165,5,0,FALSE,S,AN
91-O26.2,1991,O26.2,6,2020.39755,2021.76277,0,6/10/91,161,3,3,FALSE,S,F
91-O26.4,1991,O26.4,6,2021.76691,1560.03059,11,6/29/91,180,3,0,FALSE,S,AN
91-M28.1,1991,M28.1,6,,,0,00/00/00,0,0,0,FALSE,S,AE
91-M30.1,1991,M30.1,2,,,0,00/00/00,0,0,0,FALSE,S,AE
91-N30.2,1991,N30.2,5,,,0,00/00/00,0,0,0,FALSE,S,AE
91-O24.1,1991,O24.1,3,,,0,00/00/00,0,0,0,FALSE,S,AE
92-L18.1,1992,L18.1,5,2021.76785,2021.76324,5,6/19/92,170,5,5,FALSE,N,F
92-L19.1,1992,L19.1,5,2031.56623,,5,6/26/92,177,1,0,FALSE,N,AN
92-L20.1,1992,L20.1,6,2021.76289,2031.57604,6,6/14/92,165,6,5,FALSE,N,F
92-L27.1,1992,L27.1,7,2020.39759,2031.57606,7,6/17/92,168,6,6,FALSE,S,F
92-M18.1,1992,M18.1,4,2021.76288,2020.39741,4,6/18/92,169,4,4,FALSE,N,F
92-M19.3,1992,M19.3,6,2021.76298,2031.56633,6,6/20/92,171,6,5,FALSE,N,F
92-M19.4,1992,M19.4,6,2031.56676,2031.57626,6,6/30/92,181,5,4,FALSE,N,F
92-M20.1,1992,M20.1,5,2031.57607,2031.57615,5,6/19/92,170,5,4,FALSE,N,F
92-M20.2,1992,M20.2,6,2021.76299,2021.76276,6,6/16/92,167,6,4,FALSE,N,F
92-M20.3,1992,M20.3,5,2031.56376,2031.56376,5,6/17/92,168,5,5,FALSE,N,F
92-M20.5,1992,M20.5,6,2021.76293,2031.57616,6,6/20/92,171,5,5,FALSE,N,F
92-M21.1,1992,M21.1,7,2021.7622,2020.39782,7,6/21/92,172,7,0,FALSE,N,AN
92-M21.4,1992,M21.4,6,2021.76287,2031.56653,6,6/17/92,168,3,3,FALSE,N,F
92-M24.P,1992,M24.P,3,2031.56678,,3,6/23/92,174,2,1,FALSE,S,F
92-M25.2,1992,M25.2,4,2031.57602,,4,6/24/92,175,4,0,FALSE,S,AN
92-M26.1,1992,M26.1,4,2031.57627,,4,00/00/00,0,0,0,FALSE,S,AE
92-M26.5,1992,M26.5,5,2031.56663,,5,7/7/92,188,3,0,FALSE,S,AN
92-M26.6,1992,M26.6,6,2031.56648,2031.56635,6,6/17/92,168,6,2,FALSE,S,F
92-M26.7,1992,M26.7,6,2031.56674,2031.5667,6,6/20/92,171,6,6,FALSE,S,F
92-M27.2,1992,M27.2,4,2021.76297,2031.57623,4,6/21/92,172,4,4,FALSE,S,F
92-M27.3,1992,M27.3,6,2021.76691,2031.56679,6,6/20/92,171,5,5,FALSE,S,F
92-M28.2,1992,M28.2,7,2031.5668,2031.56642,7,6/18/92,169,7,6,FALSE,S,F
92-M29.2,1992,M29.2,7,2021.76285,2031.57608,7,6/19/92,170,6,6,FALSE,S,F
92-M30.2,1992,M30.2,6,2031.56631,2031.57155,6,6/18/92,169,6,3,FALSE,S,F
92-M30.3,1992,M30.3,5,2021.76312,2031.57613,5,6/20/92,171,5,0,FALSE,S,AN
92-M30.4,1992,M30.4,7,2020.39755,2031.57612,7,6/17/92,168,5,3,FALSE,S,F
92-N23.1,1992,N23.1,6,2021.763,,6,6/27/92,178,6,0,FALSE,S,AN
92-N23.3,1992,N23.3,5,2031.5761,2031.5762,5,6/19/92,170,5,5,FALSE,S,F
92-N24.1,1992,N24.1,6,2021.7629,2031.57611,6,6/18/92,169,6,5,FALSE,S,F
92-N25.1,1992,N25.1,5,2020.39758,2021.76295,5,6/19/92,170,4,4,FALSE,S,F
92-N26.1,1992,N26.1,6,2031.57257,,6,00/00/00,0,0,0,FALSE,S,AE
92-N27.1,1992,N27.1,5,2021.76264,2031.56641,5,6/19/92,170,5,5,FALSE,S,F
92-N27.2,1992,N27.2,2,2021.76264,,2,00/00/00,0,0,0,FALSE,S,AE
92-N27.3,1992,N27.3,5,2021.7633,2021.76354,5,6/16/92,167,4,4,FALSE,S,F
92-N28.2,1992,N28.2,5,2021.76292,2031.56682,5,6/21/92,172,5,5,FALSE,S,F
92-N28.3,1992,N28.3,5,2031.57601,2031.56642,5,7/15/92,196,4,0,FALSE,S,AN
92-N29.1,1992,N29.1,6,2021.76281,2031.56703,6,6/13/92,164,6,6,FALSE,S,F
92-N29.2,1992,N29.2,7,2021.76286,2021.76605,7,6/17/92,168,7,6,FALSE,S,F
92-N29.5,1992,N29.5,6,2021.76294,,6,6/21/92,172,6,5,FALSE,S,F
92-N31.2,1992,N31.2,6,2021.76301,,6,6/19/92,170,5,5,FALSE,S,F
92-N32.1,1992,N32.1,5,2021.76291,2031.5621,5,6/17/92,168,4,3,FALSE,S,F
92-O23.4,1992,O23.4,4,2031.57622,,4,7/6/92,187,2,0,FALSE,S,AN
92-O24.3,1992,O24.3,5,2021.76296,2031.57605,5,6/19/92,170,5,5,FALSE,S,F
92-O24.4,1992,O24.4,5,2031.56666,2021.7628,5,7/16/92,197,5,0,FALSE,S,AN
92-O24.5,1992,O24.5,6,2031.56666,,6,6/18/92,169,6,0,FALSE,S,AN
92-O24.6,1992,O24.6,4,2031.57131,2031.56671,4,6/23/92,174,3,3,FALSE,S,F
92-O24.7,1992,O24.7,6,2031.56667,2031.56658,6,6/18/92,169,6,6,FALSE,S,F
92-O25.4,1992,O25.4,6,2031.56668,,6,6/17/92,168,6,6,FALSE,S,F
92-O26.2,1992,O26.2,4,2031.56675,2021.76277,4,6/20/92,171,3,3,FALSE,S,F
92-O26.4,1992,O26.4,5,2031.56672,2031.57621,5,6/20/92,171,3,3,FALSE,S,F
92-O27.3,1992,O27.3,5,2031.56626,,5,6/17/92,168,5,5,FALSE,S,F
92-M20.4,1992,M20.4,6,2020.3973,,6,00/00/00,0,0,0,FALSE,N,AE
93-L18.1,1993,L18.1,5,2031.56626,2021.76297,0,6/16/93,167,5,5,FALSE,N,F
93-L19.2,1993,L19.2,4,,,0,7/8/93,189,3,0,FALSE,N,AN
93-L20.1,1993,L20.1,6,2031.58302,,0,6/15/93,166,6,6,FALSE,N,F
93-L20.2,1993,L20.2,5,2031.56686,2021.76297,0,6/23/93,174,5,5,FALSE,N,F
93-L27.1,1993,L27.1,6,2031.56648,2031.57606,0,6/17/93,168,6,5,FALSE,S,F
93-L27.3,1993,L27.3,6,2031.56694,,0,00/00/00,0,0,0,FALSE,S,AE
93-L28.1,1993,L28.1,6,2031.56694,2031.58343,0,6/30/93,181,6,6,FALSE,S,F
93-M19.2,1993,M19.2,3,2031.58334,,0,7/11/93,192,2,0,FALSE,N,AN
93-M19.3,1993,M19.3,3,2031.56697,,0,00/00/00,0,0,0,FALSE,N,AE
93-M19.4,1993,M19.4,5,2021.76298,2031.57626,0,6/23/93,174,4,0,FALSE,N,AN
93-M20.3,1993,M20.3,5,,,0,00/00/00,0,0,0,FALSE,N,AE
93-M20.4,1993,M20.4,4,2031.57614,,4,7/9/93,190,4,0,FALSE,N,AN
93-M20.4,1993,M20.4,7,2031.56698,2031.57616,0,6/18/93,169,6,6,FALSE,N,F
93-M20.5,1993,M20.5,6,2031.57154,,0,6/25/93,176,4,4,FALSE,N,F
93-M21.1,1993,M21.1,7,2031.56687,,0,00/00/00,0,0,0,FALSE,N,AE
93-M21.4,1993,M21.4,6,2021.76293,,0,00/00/00,0,0,0,FALSE,N,AE
93-M21.5,1993,M21.5,5,2031.56688,2031.58329,0,6/16/93,167,4,4,FALSE,N,F
93-M24.2,1993,M24.2,5,2031.58325,2031.57605,0,7/9/93,190,1,0,FALSE,S,AN
93-M25.3,1993,M25.3,2,,,0,00/00/00,0,0,0,FALSE,S,AE
93-M25.4,1993,M25.4,6,2031.56668,2031.56696,0,6/18/93,169,6,6,FALSE,S,F
93-M26.1,1993,M26.1,6,2031.58322,2031.58304,0,6/25/93,176,6,6,FALSE,S,F
93-M26.2,1993,M26.2,5,,,0,00/00/00,0,0,0,FALSE,S,AE
93-M26.3,1993,M26.3,5,2031.58321,2031.58327,0,7/3/93,184,5,5,FALSE,S,F
93-M26.4,1993,M26.4,7,2031.56663,,7,00/00/00,0,0,0,FALSE,S,AE
93-M26.5,1993,M26.5,6,2031.57131,,0,6/18/93,169,6,6,FALSE,S,F
93-M26.6,1993,M26.6,6,2031.56663,2031.58303,0,6/18/93,169,6,6,FALSE,S,F
93-M26.7,1993,M26.7,5,2031.56699,2031.5667,0,6/18/93,169,5,4,FALSE,S,F
93-M27.1,1993,M27.1,6,2021.76297,2031.58304,0,6/15/93,166,6,6,FALSE,S,F
93-M27.2,1993,M27.2,6,2031.56631,2031.58335,0,6/16/93,167,6,6,FALSE,S,F
93-M27.3,1993,M27.3,6,2031.56689,2031.56679,0,00/00/00,0,0,0,FALSE,S,AE
93-M28.1,1993,M28.1,6,1560.04449,,6,00/00/00,0,0,0,FALSE,S,AE
93-M28.1,1993,M28.1,6,2031.567,2031.58308,0,6/18/93,169,6,6,FALSE,S,F
93-M28.2,1993,M28.2,5,2011.81196,2031.56684,0,7/1/93,182,3,3,FALSE,S,F
93-M29.1,1993,M29.1,6,2021.76286,2031.57608,0,6/17/93,168,6,5,FALSE,S,F
93-M30.1,1993,M30.1,5,2021.76281,,0,00/00/00,0,0,0,FALSE,S,AE
93-M30.4,1993,M30.4,6,2021.76281,,0,00/00/00,0,0,0,FALSE,S,AE
93-M31.1,1993,M31.1,5,2031.58317,2031.58309,0,6/29/93,180,4,4,FALSE,S,F
93-N18.1,1993,N18.1,4,2031.58328,,0,00/00/00,0,0,0,FALSE,N,AE
93-N23.3,1993,N23.3,5,2021.7629,2020.3978,0,6/16/93,167,5,5,FALSE,S,F
93-N23.3,1993,N23.3,5,2021.7629,2031.57611,0,6/16/93,167,5,5,FALSE,S,F
93-N24.1,1993,N24.1,5,2031.58312,,0,00/00/00,0,0,0,FALSE,S,AE
93-N25.1,1993,N25.1,5,2031.58313,,0,7/3/93,184,4,0,FALSE,S,AN
93-N26.1,1993,N26.1,5,2031.58314,,0,00/00/00,0,0,0,FALSE,S,AE
93-N26.2,1993,N26.2,6,2031.58311,2031.58339,0,6/17/93,168,6,6,FALSE,S,F
93-N27.1,1993,N27.1,6,2031.5669,2031.57623,0,6/21/93,172,2,2,FALSE,S,F
93-N27P,1993,N27P,4,2021.7633,,0,6/22/93,173,4,4,FALSE,S,F
93-N28.1,1993,N28.1,5,2031.56685,2031.58331,0,6/12/93,163,5,3,FALSE,S,F
93-N28.2,1993,N28.2,7,2031.57134,2031.56682,0,6/18/93,169,7,6,FALSE,S,F
93-N29.1,1993,N29.1,5,2031.56691,2031.57603,0,6/17/93,168,4,4,FALSE,S,F
93-N29.2,1993,N29.2,4,2031.56695,,0,7/3/93,184,4,4,FALSE,S,F
93-N29.4,1993,N29.4,5,2031.56697,2031.58305,0,7/3/93,184,5,5,FALSE,S,F
93-N30.2,1993,N30.2,4,2031.56692,2031.58324,0,6/18/93,169,4,0,FALSE,S,AN
93-N30.4,1993,N30.4,6,2021.7622,2031.5831,0,6/18/93,169,5,0,FALSE,S,AN
93-N31.1,1993,N31.1,6,2021.76301,2020.39799,0,6/15/93,166,6,0,FALSE,S,AN
93-N32.1,1993,N32.1,5,2021.76292,2031.57624,0,6/17/93,168,5,0,FALSE,S,AN
93-O24.1,1993,O24.1,5,2021.76288,2031.58332,0,6/17/93,168,5,5,FALSE,S,F
93-O24.2,1993,O24.2,3,2031.5833,2021.7628,0,6/21/93,172,3,3,FALSE,S,F
93-O24.4,1993,O24.4,6,2031.56661,2021.7663,0,6/18/93,169,6,5,FALSE,S,F
93-O24.7,1993,O24.7,5,2031.58331,,0,6/16/93,167,1,0,FALSE,S,AN
93-O25.4,1993,O25.4,5,2021.76296,2031.57617,0,6/17/93,168,5,5,FALSE,S,F
93-O26.4,1993,O26.4,5,2031.56693,2031.57621,0,6/16/93,167,5,5,FALSE,S,F
93-O28.2,1993,O28.2,5,2031.58316,,0,7/3/93,184,5,5,FALSE,S,F
93-M30.3,1993,M30.3,5,2011.81196,2031.56684,0,00/00/00,0,0,0,FALSE,S,AE
94-L18.1,1994,L18.1,2,2031.5843,,0,00/00/00,0,0,0,FALSE,N,AE
94-L20.1,1994,L20.1,6,2031.56626,2031.57604,0,6/17/94,168,6,0,FALSE,N,AN
94-L20.2,1994,L20.2,6,2031.58429,,0,6/21/94,172,6,0,FALSE,N,AN
94-L27.3,1994,L27.3,6,2031.58432,,0,6/20/94,171,6,0,FALSE,S,AN
94-M18.1,1994,M18.1,5,2031.58424,,0,6/24/94,175,5,0,FALSE,N,AN
94-M19.1,1994,M19.1,5,2031.58423,,0,6/19/94,170,5,0,FALSE,N,AN
94-M19.2,1994,M19.2,4,2031.5843,,0,00/00/00,0,0,0,FALSE,N,AE
94-M19.3,1994,M19.3,7,2031.56698,,0,6/20/94,171,7,0,FALSE,N,AN
94-M20.2,1994,M20.2,5,2031.58421,,0,6/19/94,170,5,0,FALSE,N,AN
94-M20.3,1994,M20.3,6,2031.58431,,0,6/21/94,172,6,0,FALSE,N,AN
94-M20.4,1994,M20.4,2,2031.5842,,0,00/00/00,0,0,0,FALSE,N,AE
94-M21.4,1994,M21.4,6,2031.5844,2031.58443,0,00/00/00,0,0,0,FALSE,N,AE
94-M24.1,1994,M24.1,5,2031.587,2031.58428,0,6/20/94,171,5,0,FALSE,S,AN
94-M25.3,1994,M25.3,6,2031.56668,2021.76279,0,6/10/94,161,6,0,FALSE,S,AN
94-M25.4,1994,M25.4,5,2031.58437,2031.58444,0,6/20/94,171,5,0,FALSE,S,AN
94-M26.2,1994,M26.2,4,2031.58419,,0,6/22/94,173,4,0,FALSE,S,AN
94-M26.3,1994,M26.3,6,2031.56689,2031.58315,0,6/23/94,174,6,0,FALSE,S,AN
94-M26.5,1994,M26.5,6,2031.58446,,0,00/00/00,0,0,0,FALSE,S,AE
94-M26.6,1994,M26.6,5,2031.58425,,0,00/00/00,0,0,0,FALSE,S,AE
94-M26.7,1994,M26.7,6,2031.58426,2031.56679,0,6/19/94,170,6,0,FALSE,S,AN
94-M27.1,1994,M27.1,5,2031.56688,,0,6/21/94,172,5,0,FALSE,S,AN
94-M27.3,1994,M27.3,6,2031.58697,,0,6/25/94,176,6,0,FALSE,S,AN
94-M28.2,1994,M28.2,7,2031.58418,,0,6/20/94,171,7,0,FALSE,S,AN
94-M29.1,1994,M29.1,6,2031.56691,2031.57608,0,6/22/94,173,6,0,FALSE,S,AN
94-M31.1,1994,M31.1,5,2031.58317,2031.58309,0,6/20/94,171,4,0,FALSE,S,AN
94-N21.1,1994,N21.1,6,2031.58434,,0,6/21/94,172,6,0,FALSE,N,AN
94-N23.2,1994,N23.2,3,2031.5669,,0,00/00/00,0,0,0,FALSE,S,AE
94-N24.1,1994,N24.1,6,2031.5669,2031.58334,0,00/00/00,0,0,0,FALSE,S,AE
94-N26.1,1994,N26.1,5,2031.58422,,0,6/23/94,174,5,0,FALSE,S,AN
94-N26.2,1994,N26.2,7,2031.58696,,0,6/23/94,174,7,0,FALSE,S,AN
94-N27.1,1994,N27.1,7,2031.57134,2031.57623,0,6/18/94,169,7,0,FALSE,S,AN
94-N27.2,1994,N27.2,6,2021.76297,2031.56682,0,6/18/94,169,6,0,FALSE,S,AN
94-N27P,1994,N27P,6,2031.58694,,0,6/19/94,170,6,0,FALSE,S,AN
94-N28.3,1994,N28.3,6,2031.58321,,0,00/00/00,0,0,0,FALSE,S,AE
94-N28.4,1994,N28.4,6,2031.58433,2021.76295,0,6/27/94,178,5,0,FALSE,S,AN
94-N29.1,1994,N29.1,6,2021.76286,2031.58695,0,00/00/00,0,0,0,FALSE,S,AE
94-N29.2,1994,N29.2,5,2031.58439,,0,6/24/94,175,5,0,FALSE,S,AN
94-N29.3,1994,N29.3,6,2031.56697,2031.58442,0,6/26/94,177,6,0,FALSE,S,AN
94-N29.5,1994,N29.5,5,2031.58417,,0,6/18/94,169,5,0,FALSE,S,AN
94-N30.1,1994,N30.1,1,2031.58903,,0,00/00/00,0,0,0,FALSE,S,AE
94-N31.2,1994,N31.2,6,2031.58436,,0,6/23/94,174,6,0,FALSE,S,AN
94-O24.1,1994,O24.1,6,2021.76288,,0,6/21/94,172,6,0,FALSE,S,AN
94-O24.7,1994,O24.7,3,2031.58435,2021.7628,0,00/00/00,0,0,0,FALSE,S,AE
94-O25.1,1994,O25.1,6,2021.76296,,0,00/00/00,0,0,0,FALSE,S,AE
94-O25.4,1994,O25.4,6,2031.58311,2031.57617,0,6/19/94,170,6,0,FALSE,S,AN
94-O26.1,1994,O26.1,7,2031.58427,,0,6/21/94,172,6,0,FALSE,S,AN
94-O26.3,1994,O26.3,6,2031.58438,2031.57626,0,00/00/00,0,0,0,FALSE,S,AE
95-L19.2,1995,L19.2,5,2031.58451,2031.56202,158,6/19/95,170,4,4,FALSE,N,F
95-L27.1,1995,L27.1,4,2031.58455,2031.58453,158,00/00/00,0,0,0,FALSE,S,AE
95-L27.3,1995,L27.3,5,2031.58459,2031.58466,177,7/5/95,186,4,4,FALSE,S,F
95-M19.2,1995,M19.2,7,2031.58434,2021.76346,158,6/18/95,169,7,0,FALSE,N,AN
95-M20.1,1995,M20.1,4,2031.56626,2031.57604,158,6/17/95,168,4,4,FALSE,N,F
95-M20.2,1995,M20.2,4,2031.56698,,158,00/00/00,0,0,0,FALSE,N,AE
95-M20.5,1995,M20.5,5,2031.56688,,158,6/21/95,172,5,4,FALSE,N,F
95-M21.1,1995,M21.1,4,2031.58448,,158,00/00/00,0,0,0,FALSE,N,AE
95-M26.5,1995,M26.5,6,2031.58437,2031.58444,158,6/15/95,166,6,6,FALSE,S,F
95-M26.6,1995,M26.6,6,2031.58432,2031.58346,158,6/18/95,169,6,5,FALSE,S,F
95-M27.3,1995,M27.3,5,2031.58452,2031.57603,165,7/6/95,187,5,2,FALSE,S,F
95-M28.1,1995,M28.1,6,2031.58429,2031.58441,158,6/16/95,167,6,6,FALSE,S,F
95-M31.1,1995,M31.1,4,2031.58317,2031.58309,158,6/16/95,167,3,3,FALSE,S,F
95-N18.1,1995,N18.1,3,,,158,00/00/00,0,0,0,FALSE,N,AE
95-N20.1,1995,N20.1,6,2031.56698,2031.58461,165,6/25/95,176,6,6,FALSE,N,F
95-N27.1,1995,N27.1,6,2031.58449,2031.56682,158,00/00/00,0,0,0,FALSE,S,AE
95-N27.2,1995,N27.2,5,2021.76297,2031.56682,158,6/25/95,176,5,5,FALSE,S,F
95-N27.3,1995,N27.3,6,2031.58454,2031.5832,158,6/22/95,173,4,0,FALSE,S,AN
95-N27P,1995,N27P,4,2031.58462,2031.56655,168,6/17/95,168,2,2,FALSE,S,F
95-N28.1,1995,N28.1,4,2031.58456,2031.58467,158,6/29/95,180,3,3,FALSE,S,F
95-N28.2,1995,N28.2,5,2031.58452,,158,00/00/00,0,0,0,FALSE,S,AE
95-O24.1,1995,O24.1,5,2031.58431,2021.7628,158,6/18/95,169,5,5,FALSE,S,F
95-O25.4,1995,O25.4,4,2031.58447,2031.57605,158,6/16/95,167,3,3,FALSE,S,F
96-L27.1,1996,L27.1,5,2031.58469,2031.58492,169,6/18/96,169,5,1,FALSE,S,F
96-M19.1,1996,M19.1,6,2031.58451,2031.56202,165,6/13/96,164,6,4,FALSE,N,F
96-M19.2,1996,M19.2,6,2031.58434,,165,6/13/96,164,6,0,FALSE,N,AN
96-M19.3,1996,M19.3,5,2031.58476,2031.58872,165,6/19/96,170,5,3,FALSE,N,F
96-M20.1,1996,M20.1,5,2031.58474,2031.58331,165,6/13/96,164,5,5,FALSE,N,F
96-M20.2,1996,M20.2,7,2031.58429,2031.58461,165,6/13/96,164,7,7,FALSE,N,F
96-M20.4,1996,M20.4,7,2031.56698,2031.58486,165,6/13/96,164,6,6,FALSE,N,F
96-M24.1,1996,M24.1,6,2031.58347,,165,6/22/96,173,6,0,FALSE,S,AN
96-M26.2,1996,M26.2,5,2031.58491,,169,7/8/96,189,4,0,FALSE,S,AN
96-M26.3,1996,M26.3,7,2031.58475,,169,6/23/96,174,6,0,FALSE,S,AN
96-M26.6,1996,M26.6,6,2031.5847,2031.58471,169,6/11/96,162,6,0,FALSE,S,AN
96-M26.7,1996,M26.7,6,2031.56626,2031.57604,170,6/17/96,168,6,0,FALSE,S,AN
96-M27.3,1996,M27.3,6,2031.58452,2031.58489,170,6/14/96,165,6,6,FALSE,S,F
96-M28.1,1996,M28.1,6,2031.58477,,170,00/00/00,0,0,0,FALSE,S,AE
96-M29.1,1996,M29.1,6,2031.58459,2031.58352,170,6/14/96,165,6,6,FALSE,S,F
96-N24.2,1996,N24.2,5,2031.58348,2031.5849,170,6/29/96,180,6,0,FALSE,S,AN
96-N25.1,1996,N25.1,6,2031.58479,2021.76279,170,6/19/96,170,5,0,FALSE,S,AN
96-N26.2,1996,N26.2,5,2031.58488,2031.58485,170,7/5/96,186,1,0,FALSE,S,AN
96-N27.1,1996,N27.1,5,2031.58454,,170,7/16/96,197,5,2,FALSE,S,F
96-N27.1,1996,N27.1,6,2031.58454,,201,6/15/96,166,5,0,FALSE,S,PN
96-N27.2,1996,N27.2,5,2031.5848,,170,6/30/96,181,5,0,FALSE,S,AN
96-N28.1,1996,N28.1,6,2031.58478,,170,6/17/96,168,5,1,FALSE,S,F
96-N28.2,1996,N28.2,5,2031.58481,,170,7/6/96,187,5,0,FALSE,S,AN
96-N28.4,1996,N28.4,6,2031.58482,,170,6/23/96,174,6,1,FALSE,S,F
96-N29.1,1996,N29.1,5,2031.58481,2031.58351,189,00/00/00,0,0,0,FALSE,S,AE
96-N29.2,1996,N29.2,6,2031.58472,,170,6/14/96,165,6,6,FALSE,S,F
96-O24.1,1996,O24.1,8,2031.58483,2021.7628,170,6/27/96,178,4,1,FALSE,S,F
96-O25.2,1996,O25.2,6,2031.58487,2031.57605,170,6/30/96,181,6,1,FALSE,S,F
96-O25.4,1996,O25.4,6,,,170,00/00/00,0,0,0,FALSE,S,AE
96-O26.2,1996,O26.2,6,2031.58456,2031.56655,170,6/27/96,178,4,1,FALSE,S,F
97-M19.1,1997,M19.1,6,2031.58474,2031.56202,175,6/17/97,168,6,6,FALSE,N,F
97-M19.2,1997,M19.2,5,2121.65001,,175,00/00/00,0,0,0,FALSE,N,PE
97-M19.3,1997,M19.3,6,2031.58476,2031.56655,175,6/19/97,170,5,3,FALSE,N,F
97-M20.1,1997,M20.1,6,2031.58451,2031.58872,175,6/12/97,163,6,6,FALSE,N,F
97-M20.2,1997,M20.2,7,2031.56698,2121.65005,175,6/14/97,165,7,7,FALSE,N,F
97-M20.4,1997,M20.4,5,1560.032,2121.65048,175,6/21/97,172,4,4,FALSE,N,F
97-M24.1,1997,M24.1,6,1560.03194,2121.65008,175,6/17/97,168,6,6,FALSE,S,F
97-M26.4,1997,M26.4,5,2121.65003,2031.58499,175,6/29/97,180,5,5,FALSE,S,F
97-M26.5,1997,M26.5,6,1560.03189,2121.65011,175,6/20/97,171,6,6,FALSE,S,F
97-M27.1,1997,M27.1,6,1560.03196,1560.03188,175,6/19/97,170,6,6,FALSE,S,F
97-M27.2,1997,M27.2,6,2031.58452,2121.65013,175,6/15/97,166,5,5,FALSE,S,F
97-M27.3,1997,M27.3,5,2031.58496,2121.65006,175,6/15/97,166,5,5,FALSE,S,F
97-M28.1,1997,M28.1,6,2031.58495,2121.65012,175,6/21/97,172,6,6,FALSE,S,F
97-M29.2,1997,M29.2,5,2031.58459,2121.65067,175,6/15/97,166,5,4,FALSE,S,F
97-M30.2,1997,M30.2,1,,,200,00/00/00,0,0,0,FALSE,S,AE
97-N25.1,1997,N25.1,6,1560.03191,2031.58498,175,6/19/97,170,6,6,FALSE,S,F
97-N26.1,1997,N26.1,5,1560.0319,2031.58497,175,6/19/97,170,5,5,FALSE,S,F
97-N26.2,1997,N26.2,5,1560.03199,2031.58485,175,6/20/97,171,5,5,FALSE,S,F
97-N27.1,1997,N27.1,6,2121.65002,2121.65009,175,6/21/97,172,6,5,FALSE,S,F
97-N27.2,1997,N27.2,5,1560.03198,2121.65009,175,6/18/97,169,4,3,FALSE,S,F
97-N28.2,1997,N28.2,6,2031.58456,2121.65007,175,6/17/97,168,5,5,FALSE,S,F
97-N28.5,1997,N28.5,6,2031.58482,2121.6501,175,6/19/97,170,6,2,FALSE,S,F
97-N29.1,1997,N29.1,6,2031.58472,1560.03192,175,6/17/97,168,6,6,FALSE,S,F
97-N30.1,1997,N30.1,6,1560.03197,2031.58351,175,6/22/97,173,6,6,FALSE,S,F
97-N31.4,1997,N31.4,6,2121.65042,2031.58352,175,7/8/97,189,4,3,FALSE,S,F
97-O24.1,1997,O24.1,6,2031.58478,2031.5849,175,6/20/97,171,5,5,FALSE,S,F
97-O25.4,1997,O25.4,7,1560.03195,2031.57605,175,6/18/97,169,7,6,FALSE,S,F
97-O26.2,1997,O26.2,6,2031.58488,2031.56655,175,6/20/97,171,6,6,FALSE,S,F
98-M19.1,1998,M19.1,6,2031.58474,2121.65288,163,6/11/98,162,6,6,FALSE,N,F
98-M20.1,1998,M20.1,6,2031.58451,2031.58331,163,6/11/98,162,6,6,FALSE,N,F
98-M20.2,1998,M20.2,6,2031.56698,2121.65048,163,6/11/98,162,6,4,FALSE,N,F
98-M21.5,1998,M21.5,5,2121.65286,2121.65296,163,6/21/98,172,5,4,FALSE,N,F
98-M24.1,1998,M24.1,6,2121.65278,2121.65289,163,6/18/98,169,6,0,FALSE,S,AN
98-M26.3,1998,M26.3,6,1560.0319,2121.6529,163,6/20/98,171,6,4,FALSE,S,F
98-M26.5,1998,M26.5,6,1560.03197,2121.65291,163,6/18/98,169,6,6,FALSE,S,F
98-M26.6,1998,M26.6,6,1560.03189,1560.03188,163,6/16/98,167,6,6,FALSE,S,F
98-M27.1,1998,M27.1,6,2031.58495,2121.65006,163,6/13/98,164,6,6,FALSE,S,F
98-M27.3,1998,M27.3,6,2031.58452,2121.65294,163,6/11/98,162,6,6,FALSE,S,F
98-M28.2,1998,M28.2,6,2121.65275,2121.65012,163,6/15/98,166,6,6,FALSE,S,F
98-M29.2,1998,M29.2,5,2121.65001,,163,00/00/00,0,0,0,FALSE,S,AE
98-M30.1,1998,M30.1,4,2121.65285,,163,00/00/00,0,0,0,FALSE,S,AE
98-M30.4,1998,M30.4,1,,,163,00/00/00,0,0,0,FALSE,S,AE
98-M31.1,1998,M31.1,5,2121.65283,,163,6/21/98,172,5,0,FALSE,S,AN
98-N20.1,1998,N20.1,4,2121.65297,,190,7/14/98,195,4,0,FALSE,N,AN
98-N24.2,1998,N24.2,6,2031.58478,2031.5849,163,6/13/98,164,6,5,FALSE,S,F
98-N25.1,1998,N25.1,6,1560.032,2031.58498,163,6/15/98,166,6,6,FALSE,S,F
98-N26.2,1998,N26.2,6,2121.65276,2031.58485,163,6/19/98,170,6,0,FALSE,S,AN
98-N27.1,1998,N27.1,6,2031.58482,2121.65009,163,6/13/98,164,6,6,FALSE,S,F
98-N27.3,1998,N27.3,6,2121.6528,,163,6/18/98,169,5,0,FALSE,S,AN
98-N28.2,1998,N28.2,6,2031.58488,2121.65007,163,6/17/98,168,6,5,FALSE,S,F
98-N30.1,1998,N30.1,4,2121.6507,1560.03192,163,6/20/98,171,4,0,FALSE,S,AN
98-N30.2,1998,N30.2,4,2121.65292,2031.58352,166,7/2/98,183,4,3,FALSE,S,F
98-O24.1,1998,O24.1,6,2121.65277,2121.65008,163,6/14/98,165,5,5,FALSE,S,F
98-O25.1,1998,O25.1,6,2121.65279,2121.65072,163,6/15/98,166,6,5,FALSE,S,F
98-O25.2,1998,O25.2,6,2121.65281,,163,6/19/98,170,5,0,FALSE,S,AN
98-O25.4,1998,O25.4,6,2121.65033,2121.65284,163,6/20/98,171,6,5,FALSE,S,F
98-O26.2,1998,O26.2,5,2121.65287,2031.58485,166,6/26/98,177,5,3,FALSE,S,F
98-O29.3,1998,O29.3,5,2121.65282,,163,6/16/98,167,5,0,FALSE,S,AN
99-M19.1,1999,M19.1,6,2031.58474,2121.65288,156,6/7/99,158,6,6,FALSE,N,F
99-M19.2,1999,M19.2,6,2121.65297,2121.65801,156,6/9/99,160,6,6,FALSE,N,F
99-M19.3,1999,M19.3,6,2031.58488,2031.58377,156,6/13/99,164,6,6,FALSE,N,F
99-M20.1,1999,M20.1,5,2031.58451,,156,6/14/99,165,6,6,FALSE,N,F
99-M20.2,1999,M20.2,6,2031.58357,2121.6508,156,6/11/99,162,5,5,FALSE,N,F
99-M20.4,1999,M20.4,7,2031.56698,2031.58375,156,6/9/99,160,6,6,FALSE,N,F
99-M21.4,1999,M21.4,4,2031.58364,2121.65296,156,6/19/99,170,4,4,FALSE,N,F
99-M24.1,1999,M24.1,6,1560.0319,2031.5837,156,6/7/99,158,5,5,FALSE,S,F
99-M25.4,1999,M25.4,6,2031.58353,2031.58498,156,6/13/99,164,6,5,FALSE,S,F
99-M26.3,1999,M26.3,6,2121.65215,2031.58376,156,6/13/99,164,6,6,FALSE,S,F
99-M26.5,1999,M26.5,5,2121.65287,2121.65291,156,6/9/99,160,4,4,FALSE,S,F
99-M26.6,1999,M26.6,6,1560.03189,1560.03188,156,6/7/99,158,5,5,FALSE,S,F
99-M27.2,1999,M27.2,6,2031.58495,2031.5849,156,6/9/99,160,5,5,FALSE,S,F
99-M27.3,1999,M27.3,7,2121.65297,2121.65294,156,6/7/99,158,7,7,FALSE,S,F
99-M28.1,1999,M28.1,7,2031.58358,2121.65012,156,6/13/99,164,6,5,FALSE,S,F
99-M29.2,1999,M29.2,5,2121.65001,2031.58372,156,6/7/99,158,5,5,FALSE,S,F
99-M30.3,1999,M30.3,7,1560.03629,2031.58373,156,6/9/99,160,7,7,FALSE,S,F
99-M31.2,1999,M31.2,6,1560.032,2031.58369,156,6/9/99,160,6,6,FALSE,S,F
99-N24.2,1999,N24.2,6,2031.58371,2031.5849,167,6/13/99,164,5,5,FALSE,S,F
99-N26.1,1999,N26.1,4,2031.58366,2031.58367,156,6/11/99,162,4,4,FALSE,S,F
99-N26.2,1999,N26.2,7,2031.58354,2031.58485,156,6/9/99,160,7,7,FALSE,S,F
99-N27.1,1999,N27.1,6,2031.58482,2121.65009,156,6/7/99,158,6,6,FALSE,S,F
99-N28.2,1999,N28.2,7,2121.65275,2121.65007,156,6/7/99,158,7,7,FALSE,S,F
99-N29.2,1999,N29.2,7,2031.58361,2031.58382,156,6/19/99,170,7,7,FALSE,S,F
99-N29.3,1999,N29.3,6,2031.5836,,156,6/17/99,168,3,0,FALSE,S,AN
99-N30.1,1999,N30.1,6,2031.58359,2031.58374,156,6/9/99,160,6,6,FALSE,S,F
99-N31.1,1999,N31.1,4,2031.58378,,171,7/5/99,186,4,0,FALSE,S,AN
99-N31.2,1999,N31.2,5,2031.58362,2031.58379,156,6/11/99,162,4,4,FALSE,S,F
99-O24.1,1999,O24.1,6,2031.58356,2121.65008,156,6/9/99,160,6,6,FALSE,S,F
99-O25.1,1999,O25.1,6,2121.65033,2121.65072,156,6/9/99,160,6,6,FALSE,S,F
99-O25.2,1999,O25.2,5,2031.58365,2031.5838,157,6/23/99,174,4,4,FALSE,S,F
99-O25.4,1999,O25.4,6,2031.58355,2121.65284,156,6/7/99,158,3,3,FALSE,S,F
99-O26.3,1999,O26.3,5,2031.58368,2031.58383,160,6/29/99,180,3,0,FALSE,S,AN
99-O28.2,1999,O28.2,5,,,198,6/12/99,163,5,4,FALSE,S,F
99-O29.3,1999,O29.3,5,2031.58363,2031.58381,156,6/17/99,168,5,5,FALSE,S,F
100-L19.1,2000,L19.1,6,2031.58474,2121.65288,156,6/13/00,164,6,6,FALSE,N,F
100-M20.1,2000,M20.1,7,2031.56698,2121.6508,156,6/14/00,165,6,6,FALSE,N,F
100-M21.5,2000,M21.5,6,2121.65297,2031.58375,156,6/11/00,162,6,6,FALSE,N,F
100-M24.1,2000,M24.1,6,1560.03879,2031.5837,154,6/22/00,173,6,6,FALSE,S,F
100-M26.2,2000,M26.2,3,1560.03878,2031.58376,159,6/26/00,177,3,3,FALSE,S,F
100-M26.3,2000,M26.3,7,2031.58354,1560.03188,154,6/14/00,165,7,6,FALSE,S,F
100-M26.5,2000,M26.5,7,2031.58356,2121.65072,154,6/14/00,165,3,3,FALSE,S,F
100-M26.7,2000,M26.7,6,2121.65275,1560.03885,156,6/12/00,163,5,5,FALSE,S,F
100-M27.1,2000,M27.1,6,2031.58452,2121.65006,158,6/13/00,164,6,6,FALSE,S,F
100-M28.2,2000,M28.2,4,1560.03884,2031.58372,165,6/29/00,180,4,4,FALSE,S,F
100-M30.2,2000,M30.2,6,2031.58364,1560.03626,158,6/14/00,165,6,6,FALSE,S,F
100-M30.3,2000,M30.3,6,1560.03876,2031.58373,154,6/13/00,164,6,6,FALSE,S,F
100-M31.2,2000,M31.2,6,2031.58362,2031.58369,158,6/13/00,164,6,6,FALSE,S,F
100-N18.1,2000,N18.1,6,1560.03883,2121.65801,154,06/19/200,170,6,6,FALSE,N,F
100-N24.2,2000,N24.2,6,2031.58371,,156,6/16/00,167,6,6,FALSE,S,F
100-N26.2,2000,N26.2,6,2031.58488,2121.65885,154,6/17/00,168,6,5,FALSE,S,F
100-N27.2,2000,N27.2,6,1560.0388,2121.65009,158,6/16/00,167,6,6,FALSE,S,F
100-N28.2,2000,N28.2,5,2121.65815,2121.65007,158,6/17/00,168,4,4,FALSE,S,F
100-N28.5,2000,N28.5,5,1560.03877,2031.58485,154,6/12/00,163,5,5,FALSE,S,F
100-N29.2,2000,N29.2,5,1560.03881,1560.03886,158,6/16/00,167,5,5,FALSE,S,F
100-N30.2,2000,N30.2,6,2121.65033,2031.58374,158,6/14/00,165,6,6,FALSE,S,F
100-N31.5,2000,N31.5,6,1560.03882,2031.58379,158,6/15/00,166,6,6,FALSE,S,F
100-O25.4,2000,O25.4,7,2031.58357,,156,6/17/00,168,7,7,FALSE,S,F
100-O27.1,2000,O27.1,6,2031.58366,2121.65823,158,6/17/00,168,5,4,FALSE,S,F
100-O27.3,2000,O27.3,6,2031.58378,,154,6/15/00,166,6,0,FALSE,S,AN
100-O29.3,2000,O29.3,6,2031.58368,,154,6/22/00,173,6,6,FALSE,S,F
101-L19.2,2001,L19.2,6,2031.58474,2121.65288,181,6/13/01,164,4,4,FALSE,N,F
101-L27.3,2001,L27.3,6,1560.04,,202,6/20/01,171,6,0,FALSE,S,AN
101-L28.1,2001,L28.1,6,1560.04606,1560.04689,187,6/14/01,165,6,6,FALSE,S,F
101-M20.1,2001,M20.1,4,1560.04605,,202,7/2/01,183,4,0,FALSE,N,AN
101-M20.4,2001,M20.4,6,,2121.6508,181,6/15/01,166,6,6,FALSE,N,F
101-M24.1,2001,M24.1,7,1560.03952,,202,6/22/01,173,6,2,FALSE,S,F
101-M26.3,2001,M26.3,6,1560.04607,1560.03188,191,6/22/01,173,6,0,FALSE,S,AN
101-M26.5,2001,M26.5,6,2031.58356,2121.65072,181,6/14/01,165,6,6,FALSE,S,F
101-M26.6,2001,M26.6,5,1560.04608,,188,6/15/01,166,5,4,FALSE,S,F
101-M26.7,2001,M26.7,7,2031.58354,1560.037,163,6/12/01,163,6,6,FALSE,S,F
101-M27.1,2001,M27.1,6,2031.58452,1560.03885,163,6/11/01,162,6,6,FALSE,S,F
101-M27.3,2001,M27.3,6,1560.03878,,181,6/14/01,165,6,6,FALSE,S,F
101-M29.1,2001,M29.1,6,1560.03882,1560.04611,163,6/11/01,162,6,6,FALSE,S,F
101-M30.4,2001,M30.4,6,1560.03764,1560.03626,181,6/16/01,167,5,4,FALSE,S,F
101-M31.2,2001,M31.2,6,2031.58362,1560.03886,163,6/11/01,162,6,6,FALSE,S,F
101-N18.1,2001,N18.1,5,2121.65297,2031.58375,163,6/11/01,162,5,5,FALSE,N,F
101-N26.2,2001,N26.2,5,2031.58364,,163,6/11/01,162,5,3,FALSE,S,F
101-N27.1,2001,N27.1,5,2121.65872,,195,6/23/01,174,5,0,FALSE,S,AN
101-N28.2,2001,N28.2,6,1560.03881,1560.04683,181,6/15/01,166,6,6,FALSE,S,F
101-N28.5,2001,N28.5,6,2121.65815,,163,6/11/01,162,6,6,FALSE,S,F
101-N29.2,2001,N29.2,6,1560.03876,2031.58374,163,6/11/01,162,6,6,FALSE,S,F
101-N29.4,2001,N29.4,6,1560.03884,,163,6/11/01,162,6,6,FALSE,S,F
101-N31.1,2001,N31.1,6,1560.04609,,191,6/21/01,172,6,1,FALSE,S,F
101-O24.7,2001,O24.7,5,1560.03879,,163,6/11/01,162,5,5,FALSE,S,F
101-O25.4,2001,O25.4,5,2031.58371,1560.04682,181,6/14/01,165,5,5,FALSE,S,F
101-O26.1,2001,O26.1,5,1560.0461,,202,7/4/01,185,3,3,FALSE,S,F
101-O29.3,2001,O29.3,6,2121.65033,2031.58387,163,6/12/01,163,5,5,FALSE,S,F
102-L28.1,2002,L28.1,6,1560.03882,1560.04689,163,6/17/02,168,5,5,FALSE,S,F
102-M19.3,2002,M19.3,6,1560.03883,2121.6508,163,6/16/02,167,6,6,FALSE,N,F
102-M20.1,2002,M20.1,6,2031.58474,1560.03595,163,6/15/02,166,6,5,FALSE,N,F
102-M26.6,2002,M26.6,4,1560.04641,1560.037,163,6/16/02,167,4,4,FALSE,S,F
102-M27.1,2002,M27.1,6,2031.58452,1560.03591,163,6/15/02,166,6,5,FALSE,S,F
102-M28.1,2002,M28.1,5,1560.03878,1560.03593,163,6/17/02,168,5,5,FALSE,S,F
102-M29.1,2002,M29.1,6,2031.58362,1560.04683,163,6/15/02,166,5,5,FALSE,S,F
102-M29.2,2002,M29.2,5,1560.04664,1560.03599,163,6/27/02,178,4,3,FALSE,S,F
102-M30.2,2002,M30.2,6,1560.04609,,163,6/19/02,170,5,0,FALSE,S,AN
102-M31.1,2002,M31.1,6,2031.58356,1560.03886,163,6/15/02,166,6,5,FALSE,S,F
102-N26.1,2002,N26.1,5,1560.03583,1560.03584,163,00/00/00,0,0,0,FALSE,S,AE
102-N26.2,2002,N26.2,4,1560.03598,2121.65072,176,7/9/02,190,4,0,FALSE,S,AN
102-N27.1,2002,N27.1,5,1560.03587,2121.65009,173,7/1/02,182,5,4,FALSE,S,F
102-N28.2,2002,N28.2,1,,,173,00/00/00,0,0,0,FALSE,S,AE
102-N28.3,2002,N28.3,4,1560.03596,,176,00/00/00,0,0,0,FALSE,S,AE
102-N28.5,2002,N28.5,5,1560.03594,,173,7/5/02,186,5,5,FALSE,S,F
102-N29.2,2002,N29.2,6,1560.03876,1560.03626,163,6/12/02,163,6,5,FALSE,S,F
102-N29.3,2002,N29.3,2,,,163,00/00/00,0,0,0,FALSE,S,AE
102-N29.4,2002,N29.4,6,1560.03585,1560.03597,163,6/18/02,169,6,6,FALSE,S,F
102-O24.2,2002,O24.2,4,1560.03589,1560.036,173,7/3/02,184,4,0,FALSE,S,AN
102-O24.6,2002,O24.6,2,1560.03588,2031.5849,163,6/24/02,175,2,2,FALSE,S,F
102-O25.1,2002,O25.1,6,1560.03884,1560.04682,163,6/14/02,165,6,6,FALSE,S,F
102-O26.1,2002,O26.1,5,1560.03586,2031.58485,163,6/27/02,178,4,4,FALSE,S,F
102-O27.3,2002,O27.3,5,1560.0359,1560.03584,173,7/7/02,188,4,4,FALSE,S,F
102-O29.3,2002,O29.3,5,2121.65815,2031.58381,163,6/12/02,163,5,5,FALSE,S,F
103-L27.1,2003,L27.1,5,1560.04914,,196,7/1/03,182,5,0,FALSE,S,AN
103-L27.2,2003,L27.2,6,1560.03785,,160,6/21/03,172,4,0,FALSE,S,AN
103-L28.1,2003,L28.1,6,1560.03882,1560.03584,160,6/16/03,167,6,6,FALSE,S,F
103-M19.1,2003,M19.1,5,1691.96156,2121.6508,160,6/24/03,175,5,5,FALSE,N,F
103-M19.2,2003,M19.2,4,1560.04904,1560.0491,160,6/22/03,173,4,4,FALSE,N,F
103-M20.2,2003,M20.2,4,,,205,7/1/03,182,4,4,FALSE,N,F
103-M21.4,2003,M21.4,6,1560.04903,1560.04909,160,6/20/03,171,6,6,FALSE,N,F
103-M24.1,2003,M24.1,5,1560.0525,1560.04907,160,6/18/03,169,5,5,FALSE,S,F
103-M25.4,2003,M25.4,7,1560.0523,1560.04917,160,6/18/03,169,7,7,FALSE,S,F
103-M26.4,2003,M26.4,6,1560.04902,,160,6/19/03,170,3,2,FALSE,S,F
103-M26.7,2003,M26.7,5,1560.03878,1560.04906,160,6/19/03,170,5,5,FALSE,S,F
103-M29.1,2003,M29.1,6,2031.58362,1560.04683,160,6/16/03,167,5,5,FALSE,S,F
103-M30.2,2003,M30.2,5,1560.03585,1560.04916,181,6/29/03,180,4,0,FALSE,S,AN
103-M31.1,2003,M31.1,6,1560.03594,1560.03599,160,6/23/03,174,6,6,FALSE,S,F
103-N26.2,2003,N26.2,5,1560.03589,1560.037,160,6/23/03,174,5,5,FALSE,S,F
103-N27.2,2003,N27.2,6,1560.03587,2121.65009,160,6/19/03,170,6,6,FALSE,S,F
103-N28.2,2003,N28.2,7,1560.04901,1560.04915,160,6/20/03,171,7,6,FALSE,S,F
103-N28.4,2003,N28.4,6,1560.03596,,160,6/20/03,171,6,6,FALSE,S,F
103-N29.2,2003,N29.2,6,1560.03876,1560.04908,160,6/18/03,169,6,6,FALSE,S,F
103-N29.4,2003,N29.4,6,2121.65815,1560.04905,160,6/15/03,166,5,4,FALSE,S,F
103-N31.1,2003,N31.1,4,,,196,00/00/00,0,0,0,FALSE,S,AE
103-N31.2,2003,N31.2,6,2031.58356,1560.03886,160,6/21/03,172,5,5,FALSE,S,F
103-O24.6,2003,O24.6,1,1560.03588,,160,00/00/00,0,0,0,FALSE,S,AE
103-O25.1,2003,O25.1,6,1560.03884,1560.04682,160,6/15/03,166,6,6,FALSE,S,F
103-O25.3,2003,O25.3,5,1560.03588,2031.5849,160,6/26/03,177,5,1,FALSE,S,F
103-O27.1,2003,O27.1,6,1560.04641,2031.58485,160,6/13/03,164,5,4,FALSE,S,F
104-L28.1,2004,L28.1,6,1560.03876,1560.04908,152,6/16/04,167,5,5,FALSE,S,F
104-M19.3,2004,M19.3,6,1560.04904,2121.6508,163,6/27/04,178,5,5,FALSE,N,F
104-M21.4,2004,M21.4,6,1560.04903,1560.0491,167,6/19/04,170,6,5,FALSE,N,F
104-M25.4,2004,M25.4,7,1560.04922,,154,6/23/04,174,6,0,FALSE,S,AN
104-M26.4,2004,M26.4,6,1560.04902,,154,6/19/04,170,6,2,FALSE,S,F
104-M26.6,2004,M26.6,7,1560.04919,1560.037,152,6/19/04,170,7,7,FALSE,S,F
104-M27.2,2004,M27.2,6,1560.03878,1560.04917,154,6/19/04,170,5,5,FALSE,S,F
104-M29.1,2004,M29.1,6,2031.58362,,152,6/16/04,167,1,0,FALSE,S,AN
104-M29.1B,2004,M29.1,6,1560.04928,,183,7/15/04,196,6,0,FALSE,S,AN
104-M30.2,2004,M30.2,6,1560.03882,1560.04925,152,6/15/04,166,6,5,FALSE,S,F
104-M31.1,2004,M31.1,5,1560.04923,1560.03886,154,6/23/04,174,4,4,FALSE,S,F
104-N26.1,2004,N26.1,5,1560.04914,1560.04913,154,6/19/04,170,5,5,FALSE,S,F
104-N27.3,2004,N27.3,6,1560.0359,1560.04927,167,6/20/04,171,5,5,FALSE,S,F
104-N28.1,2004,N28.1,6,1560.03587,2121.65009,154,6/15/04,166,5,5,FALSE,S,F
104-N28.2,2004,N28.2,7,1560.04901,1560.04915,154,6/18/04,169,7,6,FALSE,S,F
104-N29.3,2004,N29.3,6,1691.96156,,152,6/18/04,169,6,3,FALSE,S,F
104-N29.4,2004,N29.4,5,2121.65815,1560.04924,152,6/14/04,165,4,4,FALSE,S,F
104-N30.2,2004,N30.2,6,1560.0492,,152,00/00/00,0,0,0,FALSE,S,AE
104-N31.3,2004,N31.3,6,1560.0492,,168,00/00/00,0,0,0,FALSE,S,AE
104-O25.1,2004,O25.1,5,1560.03884,1560.04907,154,6/13/04,164,5,5,FALSE,S,F
104-O25.2,2004,O25.2,7,1560.0523,2031.5849,152,6/18/04,169,7,7,FALSE,S,F
104-O27.1,2004,O27.1,6,1560.04641,1560.04926,154,6/17/04,168,6,6,FALSE,S,F
105-L27.3,2005,L27.3,0,,,166,00/00/00,0,0,0,FALSE,S,AE
105-M19.1,2005,M19.1,5,1560.04929,2121.6508,164,6/30/05,181,5,2,FALSE,N,F
105-M20.1,2005,M20.1,3,1560.0525,,157,00/00/00,0,0,0,FALSE,N,AE
105-M21.4,2005,M21.4,6,1560.0593,,161,00/00/00,0,0,0,FALSE,N,AE
105-M26.2,2005,M26.2,0,,,157,00/00/00,0,0,0,FALSE,O,AE
105-M26.6,2005,M26.6,6,1560.04923,2121.65072,157,6/22/05,173,6,6,FALSE,S,F
105-M27.1,2005,M27.1,5,1560.04931,,161,00/00/00,0,0,0,FALSE,S,AE
105-M27.3,2005,M27.3,5,1560.04934,,169,7/6/05,187,5,0,FALSE,S,AN
105-M29.1,2005,M29.1,6,1560.03882,1560.04908,152,6/19/05,170,5,0,FALSE,S,AN
105-M31.1,2005,M31.1,6,1691.96156,1560.04922,153,6/21/05,172,6,4,FALSE,S,F
105-N26.2,2005,N26.2,6,1560.04914,1560.04913,154,6/22/05,173,6,4,FALSE,S,F
105-N26.6,2005,N26.6,0,,,165,00/00/00,0,0,0,FALSE,S,AE
105-N27.2,2005,N27.2,6,1560.03587,1560.04951,154,6/22/05,173,6,6,FALSE,S,F
105-N28.2,2005,N28.2,6,1560.0359,1560.04907,154,6/21/05,172,5,5,FALSE,S,F
105-N29.2,2005,N29.2,7,1560.04901,1560.04925,154,6/22/05,173,5,5,FALSE,S,F
105-O25.1,2005,O25.1,5,1560.04932,,164,00/00/00,0,0,0,FALSE,S,AE
105-O27.1,2005,O27.1,5,1560.04641,1560.04926,157,6/21/05,172,5,5,FALSE,S,F
106-M20.1,2006,M20.1,5,1560.05313,,180,6/25/06,176,4,0,FALSE,N,AN
106-M25.4,2006,M25.4,6,1560.04923,,180,6/17/06,168,6,0,FALSE,S,AN
106-M27.3,2006,M27.3,5,1560.04929,,180,6/14/06,165,5,0,FALSE,S,AN
106-N26.2,2006,N26.2,2,1560.05312,,180,00/00/00,0,0,0,FALSE,S,AE
106-N28.1,2006,N28.1,6,1560.03587,1560.04951,180,6/12/06,163,5,3,FALSE,S,F
106-N28.4,2006,N28.4,6,1560.0359,,180,6/14/06,165,6,4,FALSE,S,F
106-N29.2,2006,N29.2,7,1560.04901,,180,6/15/06,166,7,7,FALSE,S,F
106-N29.5,2006,N29.5,6,1691.96156,,180,6/14/06,165,4,4,FALSE,S,F
106-N31.3,2006,N31.3,6,1560.05314,,180,7/5/06,186,5,0,FALSE,S,AN
107-L27.2,2007,L27.2,6,1560.05503,1560.05504,179,6/27/07,178,6,0,FALSE,S,AN
107-M19.3,2007,M19.3,4,1560.05502,1560.05505,179,6/26/07,177,4,4,FALSE,N,F
107-N26.2,2007,N26.2,5,1560.05501,,151,6/18/07,169,5,5,FALSE,S,F
107-N28.1,2007,N28.1,6,1560.03587,1560.04951,151,6/17/07,168,4,0,FALSE,S,AN
107-N29.3,2007,N29.3,6,1691.96156,,151,6/17/07,168,6,6,FALSE,S,F
107-O24.6,2007,O24.6,6,1560.04901,,183,6/20/07,171,6,4,FALSE,O,F
108-L19.2,2008,L19.2,6,1560.05554,1560.05555,176,7/4/08,186,6,6,FALSE,N,F
108-N27.1,2008,N27.1,5,1560.05502,1560.05506,152,6/20/08,172,5,5,FALSE,S,F
108-N28.4,2008,N28.4,6,1691.96156,1560.04924,152,6/14/08,166,6,6,FALSE,S,F
108-O24.6,2008,O24.6,3,1560.0552,1560.05553,162,6/30/08,182,3,3,FALSE,S,F
108-O26.2,2008,O26.2,6,1560.05534,1560.05535,155,6/20/08,172,6,6,FALSE,S,F
109-M20.1,2009,M20.1,6,1560.05314,,151,6/19/09,170,5,5,FALSE,N,F
109-M26.2,2009,M26.2,4,,,164,6/25/09,176,4,0,FALSE,S,AN
109-M28.2,2009,M28.2,4,1560.05502,1560.05506,151,6/12/09,163,4,3,FALSE,S,F
109-N27.2,2009,N27.2,4,,,176,7/20/09,201,4,0,FALSE,S,?
109-N31.5,2009,N31.5,6,1691.96156,,151,6/15/09,166,6,0,FALSE,O,AN
109-O27.1,2009,O27.1,4,,,156,6/27/09,178,4,0,FALSE,S,AN
109-O28.2,2009,O28.2,6,,,163,6/13/09,164,6,0,FALSE,S,AN
110-M20.1,2010,M20.1,5,1560.05411,,154,6/16/10,167,3,3,FALSE,N,F
110-N27.1,2010,N27.1,6,1560.05554,1560.05506,155,6/12/10,163,6,6,FALSE,S,F
110-O24.6,2010,O24.6,5,1560.05501,1560.05412,154,6/6/10,157,5,5,FALSE,S,F
110-O28.2,2010,O28.2,7,1691.96156,1560.05405,154,6/10/10,161,6,6,FALSE,S,F
